Date,Open,High,Low,Close,Volume,Dividends,Stock Splits,Capital Gains
2023-04-11 00:00:00-04:00,24.4505375088776,24.4505375088776,24.104771955130246,24.169973373413086,42600,0.0,0.0,0.0
2023-04-12 00:00:00-04:00,24.569086924507538,24.569086924507538,24.025740504339733,24.035619735717773,18500,0.0,0.0,0.0
2023-04-13 00:00:00-04:00,23.956589243853507,24.776546656004257,23.956589243853507,24.75382423400879,20400,0.0,0.0,0.0
2023-04-14 00:00:00-04:00,24.89509262141874,24.90496996797001,24.38138392430453,24.766664505004883,15200,0.0,0.0,0.0
2023-04-17 00:00:00-04:00,24.70739257796222,24.78642454530023,24.430779750143834,24.65404510498047,11800,0.0,0.0,0.0
2023-04-18 00:00:00-04:00,24.737030300161727,24.759750836681157,24.50981174507229,24.5908203125,5200,0.0,0.0,0.0
2023-04-19 00:00:00-04:00,24.45053858671208,24.717272187155743,24.45053858671208,24.60860252380371,3400,0.0,0.0,0.0
2023-04-20 00:00:00-04:00,24.554266163743154,24.56908595235918,24.450537064784175,24.49993133544922,3200,0.0,0.0,0.0
2023-04-21 00:00:00-04:00,24.529569723287455,24.66985179244571,24.494993355988314,24.598722457885742,2600,0.0,0.0,0.0
2023-04-24 00:00:00-04:00,24.761725766655506,24.761725766655506,24.49894350344174,24.539447784423828,2500,0.0,0.0,0.0
2023-04-25 00:00:00-04:00,24.31717174134464,24.31717174134464,23.996105194091797,23.996105194091797,3700,0.0,0.0,0.0
2023-04-26 00:00:00-04:00,24.539448759058914,24.77654465476592,24.411020637881773,24.460416793823242,10400,0.0,0.0,0.0
2023-04-27 00:00:00-04:00,25.438437367958045,25.98178187841977,25.359405404904148,25.83359718322754,10900,0.0,0.0,0.0
2023-04-28 00:00:00-04:00,25.84347822714316,25.84347822714316,25.56192672124502,25.764446258544922,8600,0.0,0.0,0.0
2023-05-01 00:00:00-04:00,25.626140033150694,25.724930462069427,25.586623107874917,25.662691116333008,4000,0.0,0.0,0.0
2023-05-02 00:00:00-04:00,25.70517234648097,25.71999025152409,25.359406782732528,25.48783302307129,5600,0.0,0.0,0.0
2023-05-03 00:00:00-04:00,25.71505123974238,25.71505123974238,25.39892149023775,25.438438415527344,14500,0.0,0.0,0.0
2023-05-04 00:00:00-04:00,25.202330512233114,25.349527859401682,25.202330512233114,25.310012817382812,8700,0.0,0.0,0.0
2023-05-05 00:00:00-04:00,25.477954575142316,25.764444737799312,25.458196113091308,25.687389373779297,10800,0.0,0.0,0.0
2023-05-08 00:00:00-04:00,25.568840436301713,25.813838958740234,25.568840436301713,25.813838958740234,3300,0.0,0.0,0.0
2023-05-09 00:00:00-04:00,25.83952657596664,25.83952657596664,25.715051651000977,25.715051651000977,1300,0.0,0.0,0.0
2023-05-10 00:00:00-04:00,25.99166115677555,26.327547471435338,25.92942369773745,26.21887969970703,5800,0.0,0.0,0.0
2023-05-11 00:00:00-04:00,26.436218217355545,26.752346083181564,26.278154284442532,26.594282150268555,12000,0.0,0.0,0.0
2023-05-12 00:00:00-04:00,26.574522892941793,26.623919048169235,26.2485158055233,26.42633819580078,9800,0.0,0.0,0.0
2023-05-15 00:00:00-04:00,26.584403657962213,26.584403657962213,26.357186983617076,26.535009384155273,3300,0.0,0.0,0.0
2023-05-16 00:00:00-04:00,26.57452397586883,26.94992723381266,26.57452397586883,26.801740646362305,12400,0.0,0.0,0.0
2023-05-17 00:00:00-04:00,26.979561996061395,27.196901310936564,26.89065080075258,27.165287017822266,9100,0.0,0.0,0.0
2023-05-18 00:00:00-04:00,27.295690214531128,27.631576538085938,27.285812867606587,27.631576538085938,20400,0.0,0.0,0.0
2023-05-19 00:00:00-04:00,27.562423833060816,27.582182295472098,27.424118364723203,27.505125045776367,19500,0.0,0.0,0.0
2023-05-22 00:00:00-04:00,27.542665839590736,27.7600051612739,27.542665839590736,27.59206199645996,10000,0.0,0.0,0.0
2023-05-23 00:00:00-04:00,27.54266566648073,27.592061823039494,27.295690536499023,27.295690536499023,14400,0.0,0.0,0.0
2023-05-24 00:00:00-04:00,27.285812117491727,27.364844080610148,27.18208113492891,27.30556869506836,7200,0.0,0.0,0.0
2023-05-25 00:00:00-04:00,27.552545404832635,27.70073199296525,27.384602237983646,27.641456604003906,5200,0.0,0.0,0.0
2023-05-26 00:00:00-04:00,27.611819100273163,28.412017959465135,27.611819100273163,28.32310676574707,8500,0.0,0.0,0.0
2023-05-30 00:00:00-04:00,28.8565723474812,28.8565723474812,28.323107063829056,28.53056526184082,16600,0.0,0.0,0.0
2023-05-31 00:00:00-04:00,28.500928902746303,28.57008163408146,28.290504866802912,28.37447738647461,6000,0.0,0.0,0.0
2023-06-01 00:00:00-04:00,28.491049873573203,28.866451225308136,28.491049873573203,28.800262451171875,3400,0.0,0.0,0.0
2023-06-02 00:00:00-04:00,29.1430657139352,29.251735375496168,28.91090848578976,29.044275283813477,14900,0.0,0.0,0.0
2023-06-05 00:00:00-04:00,29.202339458151663,29.42955801457909,29.004760480556143,29.024517059326172,7900,0.0,0.0,0.0
2023-06-06 00:00:00-04:00,29.251734155931675,29.251734155931675,29.0847783548294,29.143064498901367,2900,0.0,0.0,0.0
2023-06-07 00:00:00-04:00,29.32088723657879,29.370281508030722,28.26383399963379,28.26383399963379,9300,0.0,0.0,0.0
2023-06-08 00:00:00-04:00,28.286555468200817,28.688632463531967,28.283591510332656,28.535507202148438,4700,0.0,0.0,0.0
2023-06-09 00:00:00-04:00,28.579962611246877,28.73703918731803,28.510809875686174,28.589841842651367,10400,0.0,0.0,0.0
2023-06-12 00:00:00-04:00,28.684678798919528,29.152944564819336,28.684678798919528,29.152944564819336,9000,0.0,0.0,0.0
2023-06-13 00:00:00-04:00,29.19245992021551,29.241856077298966,29.05613104891491,29.104537963867188,6100,0.0,0.0,0.0
2023-06-14 00:00:00-04:00,29.162823989537824,29.307057375937262,28.826937659843377,29.291250228881836,6300,0.0,0.0,0.0
2023-06-15 00:00:00-04:00,29.409797459899593,29.814836502075195,29.409797459899593,29.814836502075195,2300,0.0,0.0,0.0
2023-06-16 00:00:00-04:00,29.824716398891844,29.824716398891844,29.488830080669548,29.496732711791992,11600,0.0,0.0,0.0
2023-06-20 00:00:00-04:00,29.24185697725987,29.49871134918674,29.202340050376915,29.439435958862305,4700,0.0,0.0,0.0
2023-06-21 00:00:00-04:00,29.241854924904317,29.399918852800774,29.044274072898418,29.143064498901367,5900,0.0,0.0,0.0
2023-06-22 00:00:00-04:00,28.925726455452423,29.814836502075195,28.925726455452423,29.814836502075195,7900,0.0,0.0,0.0
2023-06-23 00:00:00-04:00,29.41473839186254,29.70616912841797,29.41473839186254,29.70616912841797,3600,0.0,0.0,0.0
2023-06-26 00:00:00-04:00,29.68147218815832,29.77532206234921,29.01464006863875,29.07391357421875,5600,0.0,0.0,0.0
2023-06-27 00:00:00-04:00,29.36040425087125,29.58762281393045,29.36040425087125,29.419679641723633,4900,0.0,0.0,0.0
2023-06-28 00:00:00-04:00,29.538224339066417,29.79507869314342,29.478950837131922,29.528345108032227,5700,0.0,0.0,0.0
2023-06-29 00:00:00-04:00,29.572801247683852,29.597498383586757,29.271491290564654,29.330766677856445,8200,0.0,0.0,0.0
2023-06-30 00:00:00-04:00,29.528346445201706,29.92350816738134,29.528346445201706,29.883991241455078,3200,0.0,0.0,0.0
2023-07-03 00:00:00-04:00,29.943264050510386,29.943264050510386,29.646894650030877,29.785200119018555,3300,0.0,0.0,0.0
2023-07-05 00:00:00-04:00,29.82471686187245,30.118122302757293,29.82471686187245,30.032175064086914,5800,0.0,0.0,0.0
2023-07-06 00:00:00-04:00,29.785201642313247,29.893871307373047,29.785201642313247,29.893871307373047,800,0.0,0.0,0.0
2023-07-07 00:00:00-04:00,29.874111613098478,30.07169247156345,29.831632614135742,29.831632614135742,4300,0.0,0.0,0.0
2023-07-10 00:00:00-04:00,29.63701530844795,29.63701530844795,29.14306505330715,29.330766677856445,4200,0.0,0.0,0.0
2023-07-11 00:00:00-04:00,29.39003916979035,29.5974973653625,29.36040147716406,29.567861557006836,5700,0.0,0.0,0.0
2023-07-12 00:00:00-04:00,30.130965851256878,30.180360123534264,29.9729019188444,30.081571578979492,2600,0.0,0.0,0.0
2023-07-13 00:00:00-04:00,30.40757812799964,30.82249641418457,30.40757812799964,30.82249641418457,3700,0.0,0.0,0.0
2023-07-14 00:00:00-04:00,30.946972555526088,31.089229344041065,30.694069504531967,30.72370719909668,3900,0.0,0.0,0.0
2023-07-17 00:00:00-04:00,30.763222098236472,30.921286033307034,30.763222098236472,30.812618255615234,4400,0.0,0.0,0.0
2023-07-18 00:00:00-04:00,30.624915519540835,31.16826004117926,30.61503628842205,30.980560302734375,3800,0.0,0.0,0.0
2023-07-19 00:00:00-04:00,31.069473122673944,31.286810565836387,30.98056192222777,31.158384323120117,3700,0.0,0.0,0.0
2023-07-20 00:00:00-04:00,31.089228735600756,31.09910796692898,30.245561599731445,30.245561599731445,3400,0.0,0.0,0.0
2023-07-21 00:00:00-04:00,30.45697200153583,30.45697200153583,30.002538681030273,30.002538681030273,2500,0.0,0.0,0.0
2023-07-24 00:00:00-04:00,30.358182759045572,30.358182759045572,30.061813354492188,30.061813354492188,2300,0.0,0.0,0.0
2023-07-25 00:00:00-04:00,30.22975609582453,30.35324366003601,30.22975609582453,30.32854652404785,2000,0.0,0.0,0.0
2023-07-26 00:00:00-04:00,30.506366293736992,30.506366293736992,30.229755362546225,30.387819290161133,4100,0.0,0.0,0.0
2023-07-27 00:00:00-04:00,31.108986015328828,31.14553898142626,30.605156542371795,30.634794235229492,1300,0.0,0.0,0.0
2023-07-28 00:00:00-04:00,30.9677188245438,31.484391523400813,30.9677188245438,31.420177459716797,4800,0.0,0.0,0.0
2023-07-31 00:00:00-04:00,31.553542072490323,31.553542072490323,31.188018063335754,31.247291564941406,1800,0.0,0.0,0.0
2023-08-01 00:00:00-04:00,31.26705136196875,31.26705136196875,31.2176570892334,31.2176570892334,1100,0.0,0.0,0.0
2023-08-02 00:00:00-04:00,30.792860705563037,30.792860705563037,30.50636863708496,30.50636863708496,4600,0.0,0.0,0.0
2023-08-03 00:00:00-04:00,30.4273355490433,30.654554102830375,30.32854700352887,30.481670379638672,3400,0.0,0.0,0.0
2023-08-04 00:00:00-04:00,31.06453164929068,31.166286036291144,30.5360050201416,30.5360050201416,3900,0.0,0.0,0.0
2023-08-07 00:00:00-04:00,30.67431075778071,30.90152931213379,30.624916484900453,30.90152931213379,3000,0.0,0.0,0.0
2023-08-08 00:00:00-04:00,30.777051015551038,30.777051015551038,30.61207181561153,30.634794235229492,2500,0.0,0.0,0.0
2023-08-09 00:00:00-04:00,30.18036041389266,30.555763670186998,30.170483066758724,30.289030075073242,2300,0.0,0.0,0.0
2023-08-10 00:00:00-04:00,31.632574563870648,31.632574563870648,30.345338821411133,30.345338821411133,2600,0.0,0.0,0.0
2023-08-11 00:00:00-04:00,30.111206104729114,30.22975499111903,29.98277987172144,30.145782470703125,3100,0.0,0.0,0.0
2023-08-14 00:00:00-04:00,30.397700856171546,30.50636863708496,30.361147887054674,30.50636863708496,700,0.0,0.0,0.0
2023-08-15 00:00:00-04:00,30.185301413860948,30.185301413860948,30.183324813842773,30.183324813842773,800,0.0,0.0,0.0
2023-08-16 00:00:00-04:00,30.18036069614542,30.18036069614542,29.725927352905273,29.725927352905273,3400,0.0,0.0,0.0
2023-08-17 00:00:00-04:00,29.528346180856015,29.893870205318684,29.51846694946289,29.51846694946289,6300,0.0,0.0,0.0
2023-08-18 00:00:00-04:00,28.698510495198043,29.21221923828125,28.698510495198043,29.21221923828125,3400,0.0,0.0,0.0
2023-08-21 00:00:00-04:00,29.439435434035843,29.63701629638672,29.27149226631882,29.63701629638672,2100,0.0,0.0,0.0
2023-08-22 00:00:00-04:00,29.883991432189944,29.883991432189944,29.63701629638672,29.63701629638672,3400,0.0,0.0,0.0
2023-08-23 00:00:00-04:00,30.21987607124976,30.289028803909495,30.160602569580078,30.160602569580078,1300,0.0,0.0,0.0
2023-08-24 00:00:00-04:00,30.273222648378344,30.273222648378344,29.538225173950195,29.538225173950195,2200,0.0,0.0,0.0
2023-08-25 00:00:00-04:00,29.37028328731389,29.69629039775025,29.143066610036897,29.666654586791992,4500,0.0,0.0,0.0
2023-08-28 00:00:00-04:00,29.844473719765453,29.982781073475692,29.716047481610268,29.854352951049805,3400,0.0,0.0,0.0
2023-08-29 00:00:00-04:00,30.377941038927087,30.61503693799647,30.377941038927087,30.501428604125977,2500,0.0,0.0,0.0
2023-08-30 00:00:00-04:00,30.624915479572554,30.65455317289023,30.5607014195196,30.595277786254883,2800,0.0,0.0,0.0
2023-08-31 00:00:00-04:00,30.904492549138016,30.941043631879385,30.865962982177734,30.865962982177734,800,0.0,0.0,0.0
2023-09-01 00:00:00-04:00,30.75334227135651,30.88275775163134,30.75334227135651,30.78297996520996,2600,0.0,0.0,0.0
2023-09-05 00:00:00-04:00,30.842253298582893,31.000317229721674,30.7632213330135,30.998342514038086,1900,0.0,0.0,0.0
2023-09-06 00:00:00-04:00,30.653564430912745,30.653564430912745,30.555763244628906,30.555763244628906,1000,0.0,0.0,0.0
2023-09-07 00:00:00-04:00,30.17048443771499,30.48661231994629,30.17048443771499,30.48661231994629,500,0.0,0.0,0.0
2023-09-08 00:00:00-04:00,30.63479483219953,30.862011495724325,30.63479483219953,30.664432525634766,2000,0.0,0.0,0.0
2023-09-11 00:00:00-04:00,31.0497135674289,31.22951067776262,31.0497135674289,31.16826057434082,1400,0.0,0.0,0.0
2023-09-12 00:00:00-04:00,30.84225337092871,30.84225337092871,30.71382713317871,30.71382713317871,1100,0.0,0.0,0.0
2023-09-13 00:00:00-04:00,31.118865769856008,31.118865769856008,30.684189021982867,30.980560302734375,9700,0.0,0.0,0.0
2023-09-14 00:00:00-04:00,31.30656736021351,31.415235133866474,31.30656736021351,31.33126449584961,2700,0.0,0.0,0.0
2023-09-15 00:00:00-04:00,30.86201148279317,30.86201148279317,30.696044921875,30.696044921875,700,0.0,0.0,0.0
2023-09-18 00:00:00-04:00,30.873866925098287,30.873866925098287,30.74346409051303,30.773099899291992,3500,0.0,0.0,0.0
2023-09-19 00:00:00-04:00,30.713826496236543,30.842252731323242,30.713826496236543,30.842252731323242,1000,0.0,0.0,0.0
2023-09-20 00:00:00-04:00,30.585400678349764,30.615038373724847,30.124052047729492,30.124052047729492,700,0.0,0.0,0.0
2023-09-21 00:00:00-04:00,29.637015602813715,29.785200303973642,29.538225173950195,29.538225173950195,6800,0.0,0.0,0.0
2023-09-22 00:00:00-04:00,29.91856667099474,29.91856667099474,29.549091339111328,29.549091339111328,2100,0.0,0.0,0.0
2023-09-25 00:00:00-04:00,29.59749815977697,29.814837476328687,29.59749815977697,29.73580551147461,1500,0.0,0.0,0.0
2023-09-26 00:00:00-04:00,29.478950073999258,29.496731935692214,29.113426072279264,29.20233726501465,4400,0.0,0.0,0.0
2023-09-27 00:00:00-04:00,29.073911292614966,29.318909811584348,28.945483175620936,29.182580947875977,6500,0.0,0.0,0.0
2023-09-28 00:00:00-04:00,29.143065386335905,29.538225218110046,29.0887305561662,29.38016128540039,7500,0.0,0.0,0.0
2023-09-29 00:00:00-04:00,29.84447530387424,29.84447530387424,29.32088920790713,29.419679641723633,1600,0.0,0.0,0.0
2023-10-02 00:00:00-04:00,29.439434052707792,29.98278045654297,29.439434052707792,29.98278045654297,2000,0.0,0.0,0.0
2023-10-03 00:00:00-04:00,29.795079139773616,29.795079139773616,29.261613845825195,29.261613845825195,1800,0.0,0.0,0.0
2023-10-04 00:00:00-04:00,29.45919356899979,30.002539992277374,29.45919356899979,29.972902297973633,46300,0.0,0.0,0.0
2023-10-05 00:00:00-04:00,29.99265926389114,30.04205353432802,29.589594932268625,29.9936466217041,4700,0.0,0.0,0.0
2023-10-06 00:00:00-04:00,29.97290155641134,30.57552146911621,29.97290155641134,30.57552146911621,12800,0.0,0.0,0.0
2023-10-09 00:00:00-04:00,30.328545847978617,30.703947205734146,30.180359266811585,30.615036010742188,3800,0.0,0.0,0.0
2023-10-10 00:00:00-04:00,30.66443350421169,31.04971410981165,30.66443350421169,30.77804183959961,4200,0.0,0.0,0.0
2023-10-11 00:00:00-04:00,31.039834209416863,31.23741506582435,30.86201181550426,31.22555923461914,16300,0.0,0.0,0.0
2023-10-12 00:00:00-04:00,31.23741701146628,31.484392155223297,30.85806242187302,31.099109649658203,11300,0.0,0.0,0.0
2023-10-13 00:00:00-04:00,31.118866525045256,31.118866525045256,30.377941131591797,30.377941131591797,6900,0.0,0.0,0.0
2023-10-16 00:00:00-04:00,30.674309473397265,30.926225153642353,30.4530207282929,30.773099899291992,29900,0.0,0.0,0.0
2023-10-17 00:00:00-04:00,30.72370743780603,30.797798848387348,30.121087500203355,30.703948974609375,19900,0.0,0.0,0.0
2023-10-18 00:00:00-04:00,30.40757859734936,30.587375707620758,29.854352951049805,29.854352951049805,55400,0.0,0.0,0.0
2023-10-19 00:00:00-04:00,29.854352699493873,30.0618127861758,29.48883056640625,29.48883056640625,13100,0.0,0.0,0.0
2023-10-20 00:00:00-04:00,29.33076789769525,29.469073371920047,28.846696853637695,28.846696853637695,36100,0.0,0.0,0.0
2023-10-23 00:00:00-04:00,28.678752629261886,29.42955724678679,28.678752629261886,29.24185562133789,44600,0.0,0.0,0.0
2023-10-24 00:00:00-04:00,29.57774176294555,29.637015265881523,29.241855439190573,29.48883056640625,13300,0.0,0.0,0.0
2023-10-25 00:00:00-04:00,29.143065003048722,29.143065003048722,28.51080928052547,28.560203552246094,24400,0.0,0.0,0.0
2023-10-26 00:00:00-04:00,28.234197060281986,28.29347056446152,27.513030125907008,27.66121482849121,49700,0.0,0.0,0.0
2023-10-27 00:00:00-04:00,28.20455958773451,28.441657374857606,28.02871378953306,28.184803009033203,21700,0.0,0.0,0.0
2023-10-30 00:00:00-04:00,28.550323249160716,28.81705682868753,28.352744285425402,28.57008171081543,8400,0.0,0.0,0.0
2023-10-31 00:00:00-04:00,28.15714076276119,28.589840909086654,28.15714076276119,28.51080894470215,18500,0.0,0.0,0.0
2023-11-01 00:00:00-04:00,28.718267180486972,29.360402127447106,28.718267180486972,29.281370162963867,18500,0.0,0.0,0.0
2023-11-02 00:00:00-04:00,29.883990906494574,29.883990906494574,29.5876215024525,29.834596633911133,17500,0.0,0.0,0.0
2023-11-03 00:00:00-04:00,30.091449737548828,30.219877863766712,29.963023495601703,30.091449737548828,38000,0.0,0.0,0.0
2023-11-06 00:00:00-05:00,30.348302962139922,30.47574372567925,30.239635187439678,30.417457580566406,20500,0.0,0.0,0.0
2023-11-07 00:00:00-05:00,30.555762469740113,30.891648787219797,30.447092812828846,30.773099899291992,15100,0.0,0.0,0.0
2023-11-08 00:00:00-05:00,30.82249767823799,30.960803151214755,30.659493184283306,30.950923919677734,37400,0.0,0.0,0.0
2023-11-09 00:00:00-05:00,31.010196019022356,31.010196019022356,30.506366539096103,30.62392807006836,10800,0.0,0.0,0.0
2023-11-10 00:00:00-05:00,31.89930978385715,31.89930978385715,30.653565617911212,31.385601043701172,22600,0.0,0.0,0.0
2023-11-13 00:00:00-05:00,31.365841746396264,32.89708681022858,31.089228920374048,31.375720977783203,54000,0.0,0.0,0.0
2023-11-14 00:00:00-05:00,32.541441714225506,32.541441714225506,31.889427522927264,32.09688949584961,107900,0.0,0.0,0.0
2023-11-15 00:00:00-05:00,32.65010981419272,32.65010981419272,31.840031729422495,31.988218307495117,41000,0.0,0.0,0.0
2023-11-16 00:00:00-05:00,32.58095545776414,32.58095545776414,31.813356407971913,32.195674896240234,55300,0.0,0.0,0.0
2023-11-17 00:00:00-05:00,32.3636208603628,32.3636208603628,31.840034766698544,32.04749298095703,32400,0.0,0.0,0.0
2023-11-20 00:00:00-05:00,32.46241183587515,32.62047576904297,32.20555558913905,32.62047576904297,61900,0.0,0.0,0.0
2023-11-21 00:00:00-05:00,32.472291135521836,32.472291135521836,32.20555752566092,32.4624137878418,29300,0.0,0.0,0.0
2023-11-22 00:00:00-05:00,32.67975312221921,32.857571760251496,32.31422719284962,32.4624137878418,34400,0.0,0.0,0.0
2023-11-24 00:00:00-05:00,32.2253129490953,32.32410525928288,32.14628286948653,32.24507141113281,30400,0.0,0.0,0.0
2023-11-27 00:00:00-05:00,32.2747094626149,32.47229032817822,32.175920914104026,32.29446792602539,63100,0.0,0.0,0.0
2023-11-28 00:00:00-05:00,32.274707613588326,32.52168273925781,32.07713052788582,32.52168273925781,43200,0.0,0.0,0.0
2023-11-29 00:00:00-05:00,32.82793682743278,32.82793682743278,32.20555838776367,32.31422805786133,66100,0.0,0.0,0.0
2023-11-30 00:00:00-05:00,32.31422484706857,32.521683050164306,31.652333312846533,31.80051612854004,53600,0.0,0.0,0.0
2023-12-01 00:00:00-05:00,31.790638781577023,31.85979151594227,31.543663653546464,31.80051612854004,40100,0.0,0.0,0.0
2023-12-04 00:00:00-05:00,31.800515309892305,31.800515309892305,30.98055986558066,31.247291564941406,63400,0.0,0.0,0.0
2023-12-05 00:00:00-05:00,31.247292507607042,31.909185929028446,31.217656698045488,31.711605072021484,70200,0.0,0.0,0.0
2023-12-06 00:00:00-05:00,32.096889041388536,32.096889041388536,31.375720241237,31.434993743896484,57500,0.0,0.0,0.0
2023-12-07 00:00:00-05:00,31.76100633349072,32.245075525277656,31.701730939815228,32.06725311279297,73000,0.0,0.0,0.0
2023-12-08 00:00:00-05:00,31.889425694117094,32.353740116996484,31.889425694117094,32.32410430908203,82300,0.0,0.0,0.0
2023-12-11 00:00:00-05:00,32.215436401998524,32.215436401998524,31.525881887646523,31.86966896057129,108100,0.0,0.0,0.0
2023-12-12 00:00:00-05:00,31.978336538141544,32.116641998291016,31.672089810250906,32.116641998291016,40800,0.0,0.0,0.0
2023-12-13 00:00:00-05:00,32.23519359001117,32.35374059195043,31.9980958175914,32.28458786010742,85500,0.0,0.0,0.0
2023-12-14 00:00:00-05:00,32.5019294272364,32.600717974287335,31.968462228661735,32.333984375,88500,0.0,0.0,0.0
2023-12-15 00:00:00-05:00,32.4426555083337,32.89708887503146,32.284591564763105,32.6007194519043,95200,0.0,0.0,0.0
2023-12-18 00:00:00-05:00,32.74890352443771,33.24285378110469,32.74890352443771,33.11442565917969,99000,0.0,0.0,0.0
2023-12-19 00:00:00-05:00,33.17369910225428,33.27248764038086,33.06502944919035,33.27248764038086,84000,0.0,0.0,0.0
2023-12-20 00:00:00-05:00,33.36140373245213,33.59849776619831,32.82793650371065,32.8773307800293,135800,0.0,0.0,0.0
2023-12-21 00:00:00-05:00,33.28236722994298,33.32188415527344,32.96623936438213,33.32188415527344,105400,0.0,0.0,0.0
2023-12-22 00:00:00-05:00,33.440429385553806,33.47006896224719,33.05514880541085,33.23297119140625,61200,0.0,0.0,0.0
2023-12-26 00:00:00-05:00,33.36140332244037,33.60837846953998,33.25273365474987,33.371280670166016,70500,0.0,0.0,0.0
2023-12-27 00:00:00-05:00,33.4863740776106,33.76418574767903,33.33754423441672,33.466529846191406,73200,0.146,0.0,0.0
2023-12-28 00:00:00-05:00,33.625281754924266,33.734423141259455,33.35739029343799,33.47645568847656,83900,0.0,0.0,0.0
2023-12-29 00:00:00-05:00,33.48637277836655,33.570707919950884,32.881136990714296,33.188716888427734,122200,0.0,0.0,0.0
2024-01-02 00:00:00-05:00,32.97043532360984,33.059732472297505,32.24613791087663,32.42473220825195,111600,0.0,0.0,0.0
2024-01-03 00:00:00-05:00,32.30567204604125,32.47434234280849,32.17668642887199,32.26598358154297,61400,0.0,0.0,0.0
2024-01-04 00:00:00-05:00,32.14692048356604,32.43465237559706,31.973284405655786,32.00801086425781,86200,0.0,0.0,0.0
2024-01-05 00:00:00-05:00,31.928636673443428,32.37512240142384,31.77980683581663,32.1270751953125,99800,0.0,0.0,0.0
2024-01-08 00:00:00-05:00,32.34535659501977,33.119266510009766,32.21637476327167,33.119266510009766,201100,0.0,0.0,0.0
2024-01-09 00:00:00-05:00,32.900983741051014,33.2184838859545,32.68270097209226,33.119266510009766,142200,0.0,0.0,0.0
2024-01-10 00:00:00-05:00,33.23832543904476,33.68481116460894,33.188716755070956,33.62527847290039,188800,0.0,0.0,0.0
2024-01-11 00:00:00-05:00,33.843563425738076,34.02215772758103,33.13911022674651,33.595516204833984,132800,0.0,0.0,0.0
2024-01-12 00:00:00-05:00,33.76418521519342,33.82371790851212,33.40699662508134,33.52606201171875,152700,0.0,0.0,0.0
2024-01-16 00:00:00-05:00,33.48637552816281,33.6848140660505,33.28892863415401,33.51613998413086,128200,0.0,0.0,0.0
2024-01-17 00:00:00-05:00,33.25817253124015,33.34746968403636,32.75909936248011,33.30778121948242,73900,0.0,0.0,0.0
2024-01-18 00:00:00-05:00,33.71457781854122,33.8137989778649,33.42684213385288,33.80387496948242,118400,0.0,0.0,0.0
2024-01-19 00:00:00-05:00,33.98246967200097,34.38926696777344,33.85348405580962,34.38926696777344,124000,0.0,0.0,0.0
2024-01-22 00:00:00-05:00,34.72660987716697,34.85559548791133,34.290048144132335,34.339656829833984,231000,0.0,0.0,0.0
2024-01-23 00:00:00-05:00,34.498408739802066,34.55794143676758,34.29997020148399,34.55794143676758,102800,0.0,0.0,0.0
2024-01-24 00:00:00-05:00,34.92504935800439,35.23262548868864,34.75340034857018,34.865516662597656,286200,0.0,0.0,0.0
2024-01-25 00:00:00-05:00,34.746454122268155,34.84467984988255,34.29798509331845,34.54801559448242,299600,0.0,0.0,0.0
2024-01-26 00:00:00-05:00,34.577780048935246,34.746454122268155,34.45871844622385,34.54801559448242,168800,0.0,0.0,0.0
2024-01-29 00:00:00-05:00,34.7266104835083,35.113563537597656,34.548016183943965,35.113563537597656,159800,0.0,0.0,0.0
2024-01-30 00:00:00-05:00,35.26239519415665,35.26239519415665,34.80598919843992,34.91512680053711,198400,0.0,0.0,0.0
2024-01-31 00:00:00-05:00,34.21067190324788,34.3852958429739,33.73442169816765,33.843563079833984,182200,0.0,0.0,0.0
2024-02-01 00:00:00-05:00,34.151140143288686,34.39918736844878,34.09657323586173,34.369422912597656,204600,0.0,0.0,0.0
2024-02-02 00:00:00-05:00,35.40130054309393,36.304192298050914,35.083800395300294,36.224815368652344,338800,0.0,0.0,0.0
2024-02-05 00:00:00-05:00,36.44309667934836,36.52247360556635,35.718799259659946,36.17520523071289,230900,0.0,0.0,0.0
2024-02-06 00:00:00-05:00,36.214893328284916,36.37364339421838,35.778331593192924,36.006534576416016,125500,0.0,0.0,0.0
2024-02-07 00:00:00-05:00,36.25458311860475,36.70106887817383,36.23473888652387,36.70106887817383,257800,0.0,0.0,0.0
2024-02-08 00:00:00-05:00,36.74075154510541,36.860808574884025,36.562157251059574,36.71098709106445,190600,0.0,0.0,0.0
2024-02-09 00:00:00-05:00,36.968956739629604,37.33606935766829,36.710989291048634,37.30630111694336,257100,0.0,0.0,0.0
2024-02-12 00:00:00-05:00,37.38567839870751,37.55434869650699,36.85981948803816,37.05825424194336,369200,0.0,0.0,0.0
2024-02-13 00:00:00-05:00,36.29427192990868,36.83997507020135,35.71880054875985,36.45302200317383,331100,0.0,0.0,0.0
2024-02-14 00:00:00-05:00,36.830049804563714,37.008644104003906,36.45302075899012,37.008644104003906,226600,0.0,0.0,0.0
2024-02-15 00:00:00-05:00,37.01856976898336,37.157475611453414,36.59291987677132,37.038414001464844,181400,0.0,0.0,0.0
2024-02-16 00:00:00-05:00,37.15747282617903,37.29637865823689,36.53239279701862,36.71098709106445,193000,0.0,0.0,0.0
2024-02-20 00:00:00-05:00,36.502629730353064,36.60184710419395,35.778332303594006,36.13551712036133,284600,0.0,0.0,0.0
2024-02-21 00:00:00-05:00,35.8874701059244,36.18314272633202,35.689035357108736,36.11567687988281,219900,0.0,0.0,0.0
2024-02-22 00:00:00-05:00,37.39559903976392,37.90757115687764,37.16739604230603,37.85200881958008,355700,0.0,0.0,0.0
2024-02-23 00:00:00-05:00,38.16950636733227,38.362982890780245,37.55434655364631,37.713096618652344,284800,0.0,0.0,0.0
2024-02-26 00:00:00-05:00,37.81231740610952,37.891690545388464,37.46504904017646,37.54442596435547,159700,0.0,0.0,0.0
2024-02-27 00:00:00-05:00,37.68333272267069,37.693256730886944,37.326144124888955,37.653568267822266,177200,0.0,0.0,0.0
2024-02-28 00:00:00-05:00,37.474972297654915,37.608916123399474,37.33606646802352,37.41543960571289,130700,0.0,0.0,0.0
2024-02-29 00:00:00-05:00,37.65356775332222,37.951223652439765,37.30629938360166,37.92145919799805,176600,0.0,0.0,0.0
2024-03-01 00:00:00-05:00,37.92146121417206,38.41755566737724,37.83315570507988,38.3282585144043,274000,0.0,0.0,0.0
2024-03-04 00:00:00-05:00,38.3679422646273,38.3679422646273,37.99091321445356,38.01075744628906,252900,0.0,0.0,0.0
2024-03-05 00:00:00-05:00,37.74286408843418,37.75278431140101,37.068175379689514,37.37575149536133,230700,0.0,0.0,0.0
2024-03-06 00:00:00-05:00,37.80239432696455,37.901615484626234,37.37575281126971,37.653568267822266,197700,0.0,0.0,0.0
2024-03-07 00:00:00-05:00,37.98098960590474,38.61797696435883,37.77263084678902,38.59614944458008,165500,0.0,0.0,0.0
2024-03-08 00:00:00-05:00,38.99302304671121,39.30060296854107,37.703178232576796,37.93138122558594,218400,0.0,0.0,0.0
2024-03-11 00:00:00-04:00,37.72302170857144,37.85200732286926,37.326144642224364,37.385677337646484,157700,0.0,0.0,0.0
2024-03-12 00:00:00-04:00,37.76271079635531,38.59614962153967,37.467038171868694,38.5763053894043,136800,0.0,0.0,0.0
2024-03-13 00:00:00-04:00,38.49692714662237,38.61598875046972,37.980988483417,38.29848861694336,109800,0.0,0.0,0.0
2024-03-14 00:00:00-04:00,38.367941700474454,38.47708308151478,37.91748937762276,38.07028579711914,100800,0.0,0.0,0.0
2024-03-15 00:00:00-04:00,37.881772178491424,38.0802107137622,37.57419225957671,37.76271057128906,118400,0.0,0.0,0.0
2024-03-18 00:00:00-04:00,38.4969275409792,38.81442767775799,38.23896009918401,38.4671630859375,212200,0.0,0.0,0.0
2024-03-19 00:00:00-04:00,38.238959194704435,38.63087424471756,37.73294076156341,38.56637954711914,421400,0.0,0.0,0.0
2024-03-20 00:00:00-04:00,38.76481849521677,39.16169555356391,38.477082817160095,39.151771545410156,183400,0.0,0.0,0.0
2024-03-21 00:00:00-04:00,39.628021016216294,39.64786524725897,38.91463926699726,39.022789001464844,335900,0.0,0.0,0.0
2024-03-22 00:00:00-04:00,39.01286467763598,39.507967451177194,38.82435016160688,39.47919464111328,113800,0.0,0.0,0.0
2024-03-25 00:00:00-04:00,39.28075882260149,39.53872627203479,39.057517833378455,39.38990020751953,111200,0.0,0.0,0.0
2024-03-26 00:00:00-04:00,39.58833781099732,39.71136599219624,39.01187480020873,39.0723991394043,271400,0.0,0.0,0.0
2024-03-27 00:00:00-04:00,39.34028854802025,39.36509099778267,38.63285667213963,38.873958587646484,124800,0.0,0.0,0.0
2024-03-28 00:00:00-04:00,38.92356946214588,38.9612746381623,38.596149098599106,38.84419631958008,136800,0.0,0.0,0.0
2024-04-01 00:00:00-04:00,38.85411725504484,39.191461633156635,38.65567871764374,38.97317886352539,96000,0.0,0.0,0.0
2024-04-02 00:00:00-04:00,38.30841211142574,38.62987881599289,38.100053361261836,38.56637954711914,159400,0.0,0.0,0.0
2024-04-03 00:00:00-04:00,38.48700572418779,38.923567447959364,38.39770857785951,38.8541145324707,90500,0.0,0.0,0.0
2024-04-04 00:00:00-04:00,39.131926694691934,39.53872396985463,38.377864837646484,38.377864837646484,143900,0.0,0.0,0.0
2024-04-05 00:00:00-04:00,38.51677126788748,39.10216284707073,38.457238573684045,38.94341278076172,123000,0.0,0.0,0.0
2024-04-08 00:00:00-04:00,39.18154013806038,39.318458901674866,38.99302183044157,39.112083435058594,52600,0.0,0.0,0.0
2024-04-09 00:00:00-04:00,39.29067773443422,39.37005466077901,38.78466307613673,39.112083435058594,79200,0.0,0.0,0.0
2024-04-10 00:00:00-04:00,38.79458403043182,39.09224372493303,38.744975342981704,39.032711029052734,63700,0.0,0.0,0.0
2024-04-11 00:00:00-04:00,39.29067728455411,40.054663159824344,38.91364824343383,40.00505447387695,158100,0.0,0.0,0.0
2024-04-12 00:00:00-04:00,39.647866729819526,39.78875964002097,39.181540530029345,39.280757904052734,216200,0.0,0.0,0.0
2024-04-15 00:00:00-04:00,39.65779161719991,39.65779161719991,38.34810256958008,38.34810256958008,312000,0.0,0.0,0.0
2024-04-16 00:00:00-04:00,37.92145938690055,38.45029320229002,37.90161515554051,38.1099739074707,244900,0.0,0.0,0.0
2024-04-17 00:00:00-04:00,38.47708454081715,38.47708454081715,37.62380147657639,37.70317840576172,130600,0.0,0.0,0.0
2024-04-18 00:00:00-04:00,37.70317638141241,37.93137936321716,37.357895084775656,37.504737854003906,154400,0.0,0.0,0.0
2024-04-19 00:00:00-04:00,37.20708368945003,37.3311073017482,36.11567741518627,36.264503479003906,1282400,0.0,0.0,0.0
2024-04-22 00:00:00-04:00,36.40341006159092,36.81516937119416,36.06209910229235,36.60184860229492,188200,0.0,0.0,0.0
2024-04-23 00:00:00-04:00,36.86973918877086,37.32614517211914,36.82013050099827,37.32614517211914,90700,0.0,0.0,0.0
2024-04-24 00:00:00-04:00,38.13973795006421,38.16950618923276,37.23684624988655,37.732940673828125,265500,0.0,0.0,0.0
2024-04-25 00:00:00-04:00,36.105750983482864,37.261651880901546,35.95692492965344,37.16739273071289,172900,0.0,0.0,0.0
2024-04-26 00:00:00-04:00,38.31833179344018,38.59614724130218,37.891690291091436,38.41755294799805,446100,0.0,0.0,0.0
2024-04-29 00:00:00-04:00,39.19145928797753,39.211303519020205,38.59614749629739,39.022789001464844,371200,0.0,0.0,0.0
2024-04-30 00:00:00-04:00,38.73505541715875,39.03271132904741,37.95122528076172,37.95122528076172,118400,0.0,0.0,0.0
2024-05-01 00:00:00-04:00,38.258802997502656,38.913647479899694,37.82223748597127,37.980987548828125,197800,0.0,0.0,0.0
2024-05-02 00:00:00-04:00,38.44731724441945,38.68544422948283,37.85200545911103,38.645755767822266,99800,0.0,0.0,0.0
2024-05-03 00:00:00-04:00,39.58833800479139,39.613140455963304,39.12498294949334,39.46927261352539,421400,0.0,0.0,0.0
2024-05-06 00:00:00-04:00,39.67763359525932,40.0645866394043,39.43950660699314,40.0645866394043,213700,0.0,0.0,0.0
2024-05-07 00:00:00-04:00,40.13403915630606,40.17769419334529,39.71731787721324,39.895912170410156,269900,0.0,0.0,0.0
2024-05-08 00:00:00-04:00,39.41172682231121,39.84630527934683,39.38989930280899,39.69747543334961,283100,0.0,0.0,0.0
2024-05-09 00:00:00-04:00,39.86614769887965,39.86614769887965,39.459350427866596,39.68755340576172,91000,0.0,0.0,0.0
2024-05-10 00:00:00-04:00,39.84630527110041,39.84630527110041,39.25099345703515,39.48911666870117,208500,0.0,0.0,0.0
2024-05-13 00:00:00-04:00,39.61810285044638,39.64786730610598,39.28274176274046,39.63794708251953,248300,0.0,0.0,0.0
2024-05-14 00:00:00-04:00,39.52880536007675,40.17372964978088,39.49010854013042,40.09435272216797,146000,0.0,0.0,0.0
2024-05-15 00:00:00-04:00,40.3423999872523,40.53091451318657,39.93560269504659,40.51107406616211,170500,0.0,0.0,0.0
2024-05-16 00:00:00-04:00,40.50115129894494,40.70851841929767,40.37216567993164,40.37216567993164,187600,0.0,0.0,0.0
2024-05-17 00:00:00-04:00,40.35232073971067,40.559691641326935,40.1935706671324,40.451541900634766,115500,0.0,0.0,0.0
2024-05-20 00:00:00-04:00,40.57060241699219,40.74919671694888,40.47138504363855,40.57060241699219,148200,0.0,0.0,0.0
2024-05-21 00:00:00-04:00,40.471384367022644,41.086540398311186,40.342398755899204,41.06669616699219,143700,0.0,0.0,0.0
2024-05-22 00:00:00-04:00,41.00716887276602,41.03693332846657,40.481306184354736,40.679744720458984,157400,0.0,0.0,0.0
2024-05-23 00:00:00-04:00,41.43380403159299,41.43380403159299,40.53091234428632,40.74919509887695,168300,0.0,0.0,0.0
2024-05-24 00:00:00-04:00,40.96747776234442,41.42388371647328,40.75316536836305,41.39411926269531,232200,0.0,0.0,0.0
2024-05-28 00:00:00-04:00,41.54294662040215,41.89021499327824,41.374276330499576,41.88029098510742,297900,0.0,0.0,0.0
2024-05-29 00:00:00-04:00,41.64216650723523,42.02911954628945,41.51715125937772,41.81083679199219,332900,0.0,0.0,0.0
2024-05-30 00:00:00-04:00,41.82076163822282,41.82076163822282,40.9575546115975,41.08654022216797,171900,0.0,0.0,0.0
2024-05-31 00:00:00-04:00,41.29490117178888,41.29490117178888,40.20349489010467,41.05677795410156,182100,0.0,0.0,0.0
2024-06-03 00:00:00-04:00,41.404041856888135,41.691777542887294,41.02700901954097,41.55287170410156,292900,0.0,0.0,0.0
2024-06-04 00:00:00-04:00,41.592557095170115,41.800919641816094,41.2849809568504,41.681854248046875,569300,0.0,0.0,0.0
2024-06-05 00:00:00-04:00,42.048966733991584,42.53513717651367,41.880292652473514,42.53513717651367,348200,0.0,0.0,0.0
2024-06-06 00:00:00-04:00,42.61451121140738,42.82286995833823,42.29006579550075,42.6442756652832,396300,0.0,0.0,0.0
2024-06-07 00:00:00-04:00,42.644276399279065,42.81295047224539,42.40615319437379,42.564903259277344,143700,0.0,0.0,0.0
2024-06-10 00:00:00-04:00,42.594666805101404,42.78318132037198,42.35653982037539,42.664119720458984,159600,0.0,0.0,0.0
2024-06-11 00:00:00-04:00,42.763340385480134,43.14037322998047,42.44187366244855,43.14037322998047,271600,0.0,0.0,0.0
2024-06-12 00:00:00-04:00,43.51740432838752,44.36076335169109,43.36758284048036,43.963890075683594,529600,0.0,0.0,0.0
2024-06-13 00:00:00-04:00,44.49966955415945,44.638579176051685,43.96587372559002,44.13256072998047,468700,0.0,0.0,0.0
2024-06-14 00:00:00-04:00,44.1623246558661,44.311154499374204,43.874592761930664,44.19209289550781,258300,0.0,0.0,0.0
2024-06-17 00:00:00-04:00,44.082950495439285,45.06521532819597,44.023417802432796,44.727874755859375,703000,0.0,0.0,0.0
2024-06-18 00:00:00-04:00,44.71795382120965,44.7278778298428,44.3210767436906,44.59889221191406,395800,0.0,0.0,0.0
2024-06-20 00:00:00-04:00,44.90646813666921,44.946156601211456,43.87558619675144,44.2020149230957,489800,0.0,0.0,0.0
2024-06-21 00:00:00-04:00,44.13255945335218,44.45998358956214,43.8547477874044,44.063106536865234,291200,0.0,0.0,0.0
2024-06-24 00:00:00-04:00,44.15240360787769,44.330997902791445,43.438026428222656,43.438026428222656,290000,0.0,0.0,0.0
2024-06-25 00:00:00-04:00,43.70592085366611,44.618736621628,43.70592085366611,44.57904815673828,367600,0.0,0.0,0.0
2024-06-26 00:00:00-04:00,44.48975048438765,45.27754720027033,44.4699062521742,45.26365661621094,506900,0.0,0.0,0.0
2024-06-27 00:00:00-04:00,45.25373660222718,45.64068966993168,45.06521828777605,45.45217514038086,949100,0.0,0.0,0.0
2024-06-28 00:00:00-04:00,45.65060855681472,45.89667248831562,44.75764083862305,44.75764083862305,573700,0.0,0.0,0.0
2024-07-01 00:00:00-04:00,45.14459449104738,45.849047694509636,44.67826450162013,45.739906311035156,962600,0.0,0.0,0.0
2024-07-02 00:00:00-04:00,45.7597506313564,46.781707763671875,45.68633113625565,46.781707763671875,1263000,0.0,0.0,0.0
2024-07-03 00:00:00-04:00,46.76186212839816,47.56553268432617,46.73209388880443,47.56553268432617,843600,0.0,0.0,0.0
2024-07-05 00:00:00-04:00,47.69451767906296,48.57756514928196,47.63498498554591,48.47834777832031,1736400,0.0,0.0,0.0
2024-07-08 00:00:00-04:00,48.49819218563337,48.776003853255055,48.160847824278434,48.45850372314453,1377500,0.0,0.0,0.0
2024-07-09 00:00:00-04:00,48.617255113147955,49.04389663427984,48.56764642613499,48.944679260253906,1232200,0.0,0.0,0.0
2024-07-10 00:00:00-04:00,49.1331948919247,49.56975664633564,48.91491212226909,49.4506950378418,1465300,0.0,0.0,0.0
2024-07-11 00:00:00-04:00,49.41100377946453,49.462599537331265,46.92061144107607,47.228187561035156,2492200,0.0,0.0,0.0
2024-07-12 00:00:00-04:00,46.93053457698192,48.02194464638634,46.86108165623531,47.535770416259766,892200,0.0,0.0,0.0
2024-07-15 00:00:00-04:00,47.95248845638244,48.567644477441604,47.49607871343527,47.68459701538086,805900,0.0,0.0,0.0
2024-07-16 00:00:00-04:00,48.061626002488566,48.16084715733663,47.10912562534744,47.476234436035156,959300,0.0,0.0,0.0
2024-07-17 00:00:00-04:00,46.61303398946925,46.71721336960612,45.809359619255886,45.9085807800293,1054500,0.0,0.0,0.0
2024-07-18 00:00:00-04:00,46.49397256075455,46.63287840147276,45.45217497046766,45.888736724853516,567700,0.0,0.0,0.0
2024-07-19 00:00:00-04:00,45.705178374630655,46.07427426483041,45.17534913090527,45.27357864379883,567600,0.0,0.0,0.0
2024-07-22 00:00:00-04:00,46.05740453361687,46.62295565940678,45.87881402298332,46.374908447265625,1101500,0.0,0.0,0.0
2024-07-23 00:00:00-04:00,46.52373666834553,46.82139257978473,46.28561345315427,46.34514236450195,436500,0.0,0.0,0.0
2024-07-24 00:00:00-04:00,44.76756265014783,44.82709534743259,43.52236829070272,43.53725051879883,1130900,0.0,0.0,0.0
2024-07-25 00:00:00-04:00,43.70591709530322,44.20201150906353,42.48552529164086,43.10068130493164,1293100,0.0,0.0,0.0
2024-07-26 00:00:00-04:00,43.56701296320136,43.84482463456775,43.02130984377445,43.54716873168945,468100,0.0,0.0,0.0
2024-07-29 00:00:00-04:00,43.88451276806064,44.430215883389835,43.69599824746332,44.00357437133789,822000,0.0,0.0,0.0
2024-07-30 00:00:00-04:00,44.17224893504741,44.17224893504741,42.62443293568774,43.1106071472168,534900,0.0,0.0,0.0
2024-07-31 00:00:00-04:00,44.12264198983139,44.73779805357563,43.953967907170686,44.59889221191406,837100,0.0,0.0,0.0
2024-08-01 00:00:00-04:00,45.223969211273825,45.690295393035974,43.28920021341366,43.666229248046875,848700,0.0,0.0,0.0
2024-08-02 00:00:00-04:00,42.346622077293055,43.02131082447732,41.800918945426446,42.177947998046875,1525100,0.0,0.0,0.0
2024-08-05 00:00:00-04:00,38.44731883406281,41.33458830349578,38.209191839153824,40.57060241699219,1579400,0.0,0.0,0.0
2024-08-06 00:00:00-04:00,40.93771238384167,41.76817628032863,40.09534497595189,41.076622009277344,679000,0.0,0.0,0.0
2024-08-07 00:00:00-04:00,41.781072738313796,42.0291199487907,40.48130399285079,40.50114822387695,599300,0.0,0.0,0.0
2024-08-08 00:00:00-04:00,41.27505589890741,41.8902157297081,40.65989985300692,41.80091857910156,445200,0.0,0.0,0.0
2024-08-09 00:00:00-04:00,41.592555144167335,42.158106275791766,41.48341754901538,42.10849380493164,423500,0.0,0.0,0.0
2024-08-12 00:00:00-04:00,42.26724281282078,42.485525567460435,41.95470469268677,42.22755813598633,375200,0.0,0.0,0.0
2024-08-13 00:00:00-04:00,42.61451113789023,43.53724705544932,42.61451113789023,43.49755859375,551100,0.0,0.0,0.0
2024-08-14 00:00:00-04:00,43.61662309334476,43.705920245654205,42.77326404312237,43.18006134033203,569200,0.0,0.0,0.0
2024-08-15 00:00:00-04:00,43.75552811823868,44.54928225059783,43.70591943119128,44.52943801879883,648600,0.0,0.0,0.0
2024-08-16 00:00:00-04:00,44.29131046618041,44.757640445353154,44.17224886178105,44.588966369628906,410700,0.0,0.0,0.0
2024-08-19 00:00:00-04:00,44.66834245822473,45.313262939453125,44.459983708207865,45.313262939453125,654800,0.0,0.0,0.0
2024-08-20 00:00:00-04:00,45.32318821346057,45.584134372632384,44.936235156935126,45.17435836791992,479300,0.0,0.0,0.0
2024-08-21 00:00:00-04:00,45.21404666433598,45.62084395109056,44.986835321458166,45.40256118774414,543000,0.0,0.0,0.0
2024-08-22 00:00:00-04:00,45.591080537878355,45.72006615415786,44.192094345616766,44.241703033447266,782200,0.0,0.0,0.0
2024-08-23 00:00:00-04:00,44.70803307451256,45.31326512254405,44.44014161805586,45.07514190673828,803800,0.0,0.0,0.0
2024-08-26 00:00:00-04:00,44.96600029945693,45.04537722759873,44.05318833522783,44.469905853271484,660900,0.0,0.0,0.0
2024-08-27 00:00:00-04:00,44.241702297225224,44.498678096737095,43.9242021585132,44.321075439453125,387300,0.0,0.0,0.0
2024-08-28 00:00:00-04:00,44.35084290848663,44.44113170133995,43.40826273217928,43.77537155151367,639100,0.0,0.0,0.0
2024-08-29 00:00:00-04:00,43.99365612197073,44.59889195854374,43.44795298215746,43.576934814453125,680100,0.0,0.0,0.0
2024-08-30 00:00:00-04:00,43.83490339717466,44.29130935668945,43.62654464847009,44.29130935668945,443900,0.0,0.0,0.0
2024-09-03 00:00:00-04:00,44.01349772718949,44.07302663549583,42.62542347539217,42.812950134277344,699600,0.0,0.0,0.0
2024-09-04 00:00:00-04:00,42.44583842216246,43.32888590619191,42.44583842216246,42.922088623046875,690800,0.0,0.0,0.0
2024-09-05 00:00:00-04:00,43.001465264326846,44.202012874332134,43.001465264326846,43.586856842041016,755200,0.0,0.0,0.0
2024-09-06 00:00:00-04:00,43.844826398709216,43.92420332795066,41.89021682739258,41.89021682739258,899600,0.0,0.0,0.0
2024-09-09 00:00:00-04:00,42.465682807019846,42.73258261181096,42.05888552240557,42.48552703857422,397500,0.0,0.0,0.0
2024-09-10 00:00:00-04:00,42.842717314806656,43.209826150691015,42.45179388616421,43.14037322998047,1030300,0.0,0.0,0.0
2024-09-11 00:00:00-04:00,43.31896546299581,44.24170140530648,42.396229520685154,44.211936950683594,804000,0.0,0.0,0.0
2024-09-12 00:00:00-04:00,44.261546051342584,44.856857858778056,44.10279598369978,44.79732894897461,582700,0.0,0.0,0.0
2024-09-13 00:00:00-04:00,44.70803089144007,44.98385927030168,44.58896550445081,44.89654541015625,814100,0.0,0.0,0.0
2024-09-16 00:00:00-04:00,44.49966812133789,44.59888927663757,43.99365347645976,44.49966812133789,416100,0.0,0.0,0.0
2024-09-17 00:00:00-04:00,45.00568788037806,45.243811090330226,44.4996694356544,44.77748489379883,520200,0.0,0.0,0.0
2024-09-18 00:00:00-04:00,44.91639143974917,45.44225033952316,44.56912305780955,44.6981086730957,634800,0.0,0.0,0.0
2024-09-19 00:00:00-04:00,45.84904595785678,46.46420577143031,45.71014012411441,46.355064392089844,1055400,0.0,0.0,0.0
2024-09-20 00:00:00-04:00,46.31537790367723,46.4741279754205,45.73990652804521,46.136783599853516,792600,0.0,0.0,0.0
2024-09-23 00:00:00-04:00,46.36498716066398,46.642798843400406,46.24592555161984,46.49397277832031,524000,0.0,0.0,0.0
2024-09-24 00:00:00-04:00,46.821391706252896,46.87100417798404,46.057405817375546,46.861080169677734,576500,0.0,0.0,0.0
2024-09-25 00:00:00-04:00,46.81146952236605,47.17857833142072,46.7122521528594,47.07936096191406,556800,0.0,0.0,0.0
2024-09-26 00:00:00-04:00,47.67467568070513,47.67467568070513,46.672566561418954,46.97022247314453,1152500,0.0,0.0,0.0
2024-09-27 00:00:00-04:00,47.178581232862406,47.178581232862406,46.76186371342665,46.97022247314453,462300,0.0,0.0,0.0
2024-09-30 00:00:00-04:00,46.742016450658646,47.30756378173828,46.65668587966381,47.30756378173828,479200,0.0,0.0,0.0
2024-10-01 00:00:00-04:00,47.31748466185393,47.34725290093999,46.11693706761838,46.603111267089844,786100,0.0,0.0,0.0
2024-10-02 00:00:00-04:00,46.216158558347466,46.51381445706686,45.88873442032606,46.355064392089844,744100,0.0,0.0,0.0
2024-10-03 00:00:00-04:00,46.156628013329936,46.67256669474828,46.05840228131095,46.32529830932617,296200,0.0,0.0,0.0
2024-10-04 00:00:00-04:00,46.92061234652493,47.128971099853516,46.434438137191435,47.128971099853516,593300,0.0,0.0,0.0
2024-10-07 00:00:00-04:00,46.960299259194365,47.079360859322904,46.22607785778495,46.24592208862305,510200,0.0,0.0,0.0
2024-10-08 00:00:00-04:00,46.69240792197806,47.128969646667386,46.53365785982739,47.07936096191406,610600,0.0,0.0,0.0
2024-10-09 00:00:00-04:00,47.148813877548726,47.168658108430066,46.70232814496871,47.07936096191406,483700,0.0,0.0,0.0
2024-10-10 00:00:00-04:00,46.990065616193,47.28772152102003,46.65768325221782,47.08928298950195,466700,0.0,0.0,0.0
2024-10-11 00:00:00-04:00,46.52373596749323,46.8908447932413,46.330259438727346,46.632877349853516,528400,0.0,0.0,0.0
2024-10-14 00:00:00-04:00,47.00991150154358,47.35717610524111,46.98014326058356,47.11905288696289,500100,0.0,0.0,0.0
2024-10-15 00:00:00-04:00,47.277802567338014,47.36213771540554,46.384831043975176,46.74201965332031,552900,0.0,0.0,0.0
2024-10-16 00:00:00-04:00,46.722174861302705,46.851160476442956,46.3054535604266,46.80154800415039,489300,0.0,0.0,0.0
2024-10-17 00:00:00-04:00,47.277800000273935,47.32740868556707,46.71225266115201,46.81147003173828,397600,0.0,0.0,0.0
2024-10-18 00:00:00-04:00,47.07936148969812,47.206360026882365,46.96029988797539,47.01982879638672,347400,0.0,0.0,0.0
2024-10-21 00:00:00-04:00,46.87100332257239,47.377017974853516,46.77178216582111,47.377017974853516,501700,0.0,0.0,0.0
2024-10-22 00:00:00-04:00,47.00991080669287,47.70444378872241,46.9513697544204,47.61514663696289,528200,0.0,0.0,0.0
2024-10-23 00:00:00-04:00,47.44647080947564,47.476235263999115,46.24790648928895,46.5435791015625,635600,0.0,0.0,0.0
2024-10-24 00:00:00-04:00,47.545690469164434,48.03781834571556,47.29169337986097,47.97233200073242,1084200,0.0,0.0,0.0
2024-10-25 00:00:00-04:00,48.03186312751821,48.885146162762766,48.02194290415731,48.56764602661133,1273800,0.0,0.0,0.0
2024-10-28 00:00:00-04:00,49.10342946153937,49.11334968500853,48.47834940577629,48.508113861083984,1001900,0.0,0.0,0.0
2024-10-29 00:00:00-04:00,48.617253116450705,49.0339706121254,48.369205906672896,48.95459747314453,729400,0.0,0.0,0.0
2024-10-30 00:00:00-04:00,49.52014463089267,49.589597546589154,48.86927051096565,48.97444152832031,1209600,0.0,0.0,0.0
2024-10-31 00:00:00-04:00,48.309674848722906,48.33944308863573,47.08928298950195,47.08928298950195,1139600,0.0,0.0,0.0
2024-11-01 00:00:00-04:00,47.54568774935197,48.05170618105613,47.54568774935197,47.6449089050293,825300,0.0,0.0,0.0
2024-11-04 00:00:00-05:00,47.42662573418709,47.69451717483148,47.01288317011299,47.26787567138672,604200,0.0,0.0,0.0
2024-11-05 00:00:00-05:00,47.49607891993121,48.23030033011658,47.49607891993121,48.08147048950195,656500,0.0,0.0,0.0
2024-11-06 00:00:00-05:00,49.24233468651843,50.05592925726928,49.09350484203223,50.04600524902344,1540100,0.0,0.0,0.0
2024-11-07 00:00:00-05:00,50.25436897608751,51.27632232535361,50.23452474402697,51.17710494995117,1268900,0.0,0.0,0.0
2024-11-08 00:00:00-05:00,51.196944317853,51.683118530836765,51.0878067211711,51.50452423095703,978200,0.0,0.0,0.0
2024-11-11 00:00:00-05:00,52.099836090100325,52.16929279336412,51.335853988100595,51.92124557495117,1354000,0.0,0.0,0.0
2024-11-12 00:00:00-05:00,51.911323190110004,52.11869030783787,51.395384505487925,51.742652893066406,810000,0.0,0.0,0.0
2024-11-13 00:00:00-05:00,51.82202256883839,52.07999378633353,51.36561661160858,51.70296096801758,739400,0.0,0.0,0.0
2024-11-14 00:00:00-05:00,51.712881287282414,51.841866896270034,50.94889542620201,51.05803680419922,1127500,0.0,0.0,0.0
2024-11-15 00:00:00-05:00,50.46272636483051,50.671085118456865,49.74338716554882,50.06584930419922,1184500,0.0,0.0,0.0
2024-11-18 00:00:00-05:00,50.58178803178783,51.018349771103516,50.38831150533768,50.6909294128418,925200,0.0,0.0,0.0
2024-11-19 00:00:00-05:00,50.44288334092288,51.61366653442383,50.403194876929575,51.61366653442383,935800,0.0,0.0,0.0
2024-11-20 00:00:00-05:00,51.514442602354585,51.524366610269006,50.512333542300404,51.28623962402344,952400,0.0,0.0,0.0
2024-11-21 00:00:00-05:00,51.62358742321354,51.693040343646715,49.956709763016924,50.70085144042969,1209100,0.0,0.0,0.0
2024-11-22 00:00:00-05:00,50.63139526696362,50.84967802281494,50.33373937210276,50.641319274902344,659600,0.0,0.0,0.0
2024-11-25 00:00:00-05:00,51.17710450828477,51.325930570104035,50.284132997768275,50.38335037231445,919200,0.0,0.0,0.0
2024-11-26 00:00:00-05:00,50.53217991994174,51.18504114110405,50.522255911605725,51.048118591308594,804500,0.0,0.0,0.0
2024-11-27 00:00:00-05:00,50.95881975482574,50.988584209048625,50.19483388893765,50.60163116455078,1021400,0.0,0.0,0.0
2024-11-29 00:00:00-05:00,50.75046377786905,51.34577560424805,50.51233677637728,51.34577560424805,507500,0.0,0.0,0.0
2024-12-02 00:00:00-05:00,51.593820190465486,52.34589876332169,51.57397595928114,52.26850891113281,1551900,0.0,0.0,0.0
2024-12-03 00:00:00-05:00,52.11968035020139,52.625698795584036,51.98077451339837,52.546321868896484,928000,0.0,0.0,0.0
2024-12-04 00:00:00-05:00,52.89359139904758,53.469058990478516,52.78445001492268,53.469058990478516,1556500,0.0,0.0,0.0
2024-12-05 00:00:00-05:00,53.69725892116927,54.06437151682481,53.62780600521283,53.806400299072266,1145100,0.0,0.0,0.0
2024-12-06 00:00:00-05:00,53.98499451502157,54.65968322753906,53.86593291425379,54.65968322753906,1355200,0.0,0.0,0.0
2024-12-09 00:00:00-05:00,54.64976462122359,54.8581233749561,53.99491633537828,54.4810905456543,1550400,0.0,0.0,0.0
2024-12-10 00:00:00-05:00,54.947421291259396,55.7808601027213,54.76882698988183,55.02679443359375,2903200,0.0,0.0,0.0
2024-12-11 00:00:00-05:00,55.53281300358979,56.69367218017578,55.44847407199405,56.69367218017578,3586600,0.0,0.0,0.0
2024-12-12 00:00:00-05:00,56.54484461452708,56.797850047883614,56.14796755784606,56.22734069824219,3858200,0.0,0.0,0.0
2024-12-13 00:00:00-05:00,56.227343062946446,56.51507875189623,55.65187546994716,56.177734375,2299700,0.0,0.0,0.0
2024-12-16 00:00:00-05:00,56.69367063465995,57.57671811104683,56.33648204086299,57.497344970703125,2632100,0.0,0.0,0.0
2024-12-17 00:00:00-05:00,57.66601456961339,57.86941509944223,57.150075916401285,57.78507995605469,2462500,0.0,0.0,0.0
2024-12-18 00:00:00-05:00,57.54695510813129,58.231564073577744,54.967265531037214,55.23515319824219,3827900,0.0,0.0,0.0
2024-12-19 00:00:00-05:00,56.396016555413986,56.44562524284282,55.29468628395275,55.40382766723633,3786800,0.0,0.0,0.0
2024-12-20 00:00:00-05:00,54.63983926636485,56.39601397218547,54.21319776119883,55.4732780456543,2749100,0.0,0.0,0.0
2024-12-23 00:00:00-05:00,55.90984165869604,56.386095649973875,55.19050623742674,56.3166389465332,2493400,0.0,0.0,0.0
2024-12-24 00:00:00-05:00,56.485312616014376,57.6263313293457,56.46546838444599,57.6263313293457,2603500,0.0,0.0,0.0
2024-12-26 00:00:00-05:00,57.55687639013909,57.55687639013909,56.90203186791629,57.21953201293945,2560300,0.0,0.0,0.0
2024-12-27 00:00:00-05:00,56.78296707815464,56.81273153230149,55.31452804347549,55.88999938964844,2750300,0.0,0.0,0.0
2024-12-30 00:00:00-05:00,54.98500061035156,55.71900177001953,54.81999969482422,55.189998626708984,2565900,0.44,0.0,0.0
2024-12-31 00:00:00-05:00,55.40999984741211,55.529998779296875,54.31999969482422,54.41999816894531,2006400,0.0,0.0,0.0
2025-01-02 00:00:00-05:00,54.58000183105469,54.95000076293945,53.52000045776367,54.15999984741211,2345300,0.0,0.0,0.0
2025-01-03 00:00:00-05:00,54.65999984741211,55.540000915527344,54.54999923706055,55.540000915527344,2547400,0.0,0.0,0.0
2025-01-06 00:00:00-05:00,56.31999969482422,56.94900131225586,56.17100143432617,56.65999984741211,3194400,0.0,0.0,0.0
2025-01-07 00:00:00-05:00,56.72999954223633,56.83000183105469,54.91999816894531,55.150001525878906,3092300,0.0,0.0,0.0
2025-01-08 00:00:00-05:00,55.16999816894531,55.55799865722656,54.56999969482422,55.040000915527344,1731700,0.0,0.0,0.0
2025-01-10 00:00:00-05:00,54.70000076293945,54.9900016784668,53.630001068115234,54.380001068115234,2316900,0.0,0.0,0.0
2025-01-13 00:00:00-05:00,53.41999816894531,54.15999984741211,53.15999984741211,54.11000061035156,1902800,0.0,0.0,0.0
2025-01-14 00:00:00-05:00,54.599998474121094,54.71500015258789,53.2400016784668,53.56999969482422,2038400,0.0,0.0,0.0
2025-01-15 00:00:00-05:00,54.599998474121094,55.59000015258789,54.34000015258789,55.5099983215332,3018900,0.0,0.0,0.0
2025-01-16 00:00:00-05:00,55.4900016784668,55.5,54.43000030517578,54.45000076293945,2183000,0.0,0.0,0.0
2025-01-17 00:00:00-05:00,55.599998474121094,55.810001373291016,55.060001373291016,55.439998626708984,2824000,0.0,0.0,0.0
2025-01-21 00:00:00-05:00,55.73500061035156,55.77000045776367,54.779998779296875,55.59000015258789,2574200,0.0,0.0,0.0
2025-01-22 00:00:00-05:00,55.93000030517578,56.66999816894531,55.93000030517578,56.439998626708984,2227800,0.0,0.0,0.0
2025-01-23 00:00:00-05:00,56.27000045776367,56.560001373291016,56.099998474121094,56.560001373291016,1391700,0.0,0.0,0.0
2025-01-24 00:00:00-05:00,56.65999984741211,56.96900177001953,56.1150016784668,56.31999969482422,1641900,0.0,0.0,0.0
2025-01-27 00:00:00-05:00,53.880001068115234,55.154998779296875,53.79999923706055,54.58000183105469,3502700,0.0,0.0,0.0
2025-01-28 00:00:00-05:00,54.93000030517578,56.290000915527344,54.54999923706055,56.220001220703125,2720200,0.0,0.0,0.0
2025-01-29 00:00:00-05:00,55.97999954223633,55.97999954223633,55.09000015258789,55.63999938964844,1819200,0.0,0.0,0.0
2025-01-30 00:00:00-05:00,55.959999084472656,56.08000183105469,54.75,55.630001068115234,1747000,0.0,0.0,0.0
2025-01-31 00:00:00-05:00,56.18000030517578,56.790000915527344,55.45000076293945,55.650001525878906,2284700,0.0,0.0,0.0
2025-02-03 00:00:00-05:00,54.220001220703125,55.150001525878906,54.0,54.70000076293945,2826400,0.0,0.0,0.0
2025-02-04 00:00:00-05:00,54.97999954223633,55.75,54.86000061035156,55.68000030517578,1396200,0.0,0.0,0.0
2025-02-05 00:00:00-05:00,54.72999954223633,55.03200149536133,54.560001373291016,54.88999938964844,2216600,0.0,0.0,0.0
2025-02-06 00:00:00-05:00,55.040000915527344,55.41999816894531,54.81999969482422,55.41999816894531,1472500,0.0,0.0,0.0
2025-02-07 00:00:00-05:00,55.09000015258789,55.518001556396484,54.23500061035156,54.310001373291016,2628300,0.0,0.0,0.0
2025-02-10 00:00:00-05:00,54.560001373291016,55.06999969482422,54.51499938964844,54.630001068115234,1794000,0.0,0.0,0.0
2025-02-11 00:00:00-05:00,54.349998474121094,54.744998931884766,54.0,54.310001373291016,1306500,0.0,0.0,0.0
2025-02-12 00:00:00-05:00,53.81999969482422,54.59000015258789,53.709999084472656,54.29999923706055,1623300,0.0,0.0,0.0
2025-02-13 00:00:00-05:00,54.47999954223633,55.310001373291016,54.349998474121094,55.279998779296875,1744700,0.0,0.0,0.0
2025-02-14 00:00:00-05:00,55.2400016784668,55.63999938964844,55.13999938964844,55.54999923706055,1528500,0.0,0.0,0.0
2025-02-18 00:00:00-05:00,55.720001220703125,55.82699966430664,54.672000885009766,55.119998931884766,1589600,0.0,0.0,0.0
2025-02-19 00:00:00-05:00,55.0,55.38999938964844,54.823001861572266,55.27000045776367,1410800,0.0,0.0,0.0
2025-02-20 00:00:00-05:00,55.150001525878906,55.279998779296875,54.5099983215332,54.9900016784668,1304900,0.0,0.0,0.0
2025-02-21 00:00:00-05:00,55.119998931884766,55.209999084472656,53.540000915527344,53.61000061035156,2108800,0.0,0.0,0.0
2025-02-24 00:00:00-05:00,53.880001068115234,54.15999984741211,52.77000045776367,52.79999923706055,1951600,0.0,0.0,0.0
2025-02-25 00:00:00-05:00,52.56999969482422,52.63100051879883,51.099998474121094,51.720001220703125,2611400,0.0,0.0,0.0
2025-02-26 00:00:00-05:00,52.02000045776367,52.529998779296875,51.439998626708984,51.77000045776367,1745600,0.0,0.0,0.0
2025-02-27 00:00:00-05:00,52.349998474121094,52.45000076293945,50.10499954223633,50.119998931884766,2905900,0.0,0.0,0.0
2025-02-28 00:00:00-05:00,50.0,51.22999954223633,49.380001068115234,51.209999084472656,2832300,0.0,0.0,0.0
2025-03-03 00:00:00-05:00,51.470001220703125,51.63999938964844,49.060001373291016,49.5099983215332,2680100,0.0,0.0,0.0
2025-03-04 00:00:00-05:00,48.630001068115234,50.207000732421875,48.119998931884766,49.279998779296875,3555100,0.0,0.0,0.0
2025-03-05 00:00:00-05:00,49.52000045776367,50.36000061035156,48.869998931884766,50.22999954223633,2386200,0.0,0.0,0.0
2025-03-06 00:00:00-05:00,49.25,49.90999984741211,48.40999984741211,48.72999954223633,3167100,0.0,0.0,0.0
2025-03-07 00:00:00-05:00,48.4900016784668,49.20000076293945,47.529998779296875,48.86000061035156,2961200,0.0,0.0,0.0
2025-03-10 00:00:00-04:00,47.66999816894531,47.7400016784668,45.79999923706055,46.33000183105469,4173000,0.0,0.0,0.0
2025-03-11 00:00:00-04:00,46.119998931884766,47.26100158691406,45.810001373291016,46.5099983215332,3778900,0.0,0.0,0.0
2025-03-12 00:00:00-04:00,47.77000045776367,47.95000076293945,46.77299880981445,47.58000183105469,2934500,0.0,0.0,0.0
2025-03-13 00:00:00-04:00,47.560001373291016,47.56999969482422,46.09000015258789,46.310001373291016,2054500,0.0,0.0,0.0
2025-03-14 00:00:00-04:00,47.060001373291016,47.72999954223633,46.75,47.66999816894531,4057400,0.0,0.0,0.0
2025-03-17 00:00:00-04:00,47.63999938964844,47.75,46.72999954223633,47.189998626708984,2624200,0.0,0.0,0.0
2025-03-18 00:00:00-04:00,46.63999938964844,46.689998626708984,45.66999816894531,45.97999954223633,3621700,0.0,0.0,0.0
2025-03-19 00:00:00-04:00,46.349998474121094,47.290000915527344,46.172000885009766,46.75,2977700,0.0,0.0,0.0
2025-03-20 00:00:00-04:00,46.38999938964844,47.5099983215332,46.22999954223633,46.68000030517578,2877700,0.0,0.0,0.0
2025-03-21 00:00:00-04:00,46.189998626708984,47.380001068115234,46.189998626708984,47.310001373291016,2569500,0.0,0.0,0.0
2025-03-24 00:00:00-04:00,48.31999969482422,48.95000076293945,48.15800094604492,48.869998931884766,3344400,0.0,0.0,0.0
2025-03-25 00:00:00-04:00,49.13999938964844,49.459999084472656,48.83000183105469,49.459999084472656,2546400,0.0,0.0,0.0
2025-03-26 00:00:00-04:00,49.189998626708984,49.189998626708984,47.76499938964844,47.939998626708984,3572300,0.0,0.0,0.0
2025-03-27 00:00:00-04:00,47.66999816894531,48.5,47.595001220703125,47.7400016784668,2568300,0.0,0.0,0.0
2025-03-28 00:00:00-04:00,47.470001220703125,47.645999908447266,45.939998626708984,46.029998779296875,3623200,0.0,0.0,0.0
2025-03-31 00:00:00-04:00,45.0,46.04999923706055,44.36000061035156,45.86000061035156,3602700,0.0,0.0,0.0
2025-04-01 00:00:00-04:00,45.709999084472656,46.98500061035156,45.65999984741211,46.689998626708984,3223000,0.0,0.0,0.0
2025-04-02 00:00:00-04:00,45.68000030517578,47.54999923706055,45.54999923706055,47.18000030517578,3457200,0.0,0.0,0.0
2025-04-03 00:00:00-04:00,44.5,44.880001068115234,43.880001068115234,43.939998626708984,5213400,0.0,0.0,0.0
2025-04-04 00:00:00-04:00,42.29999923706055,43.03499984741211,41.279998779296875,41.36000061035156,5834800,0.0,0.0,0.0
2025-04-07 00:00:00-04:00,39.29999923706055,43.60200119018555,39.0,41.470001220703125,7336400,0.0,0.0,0.0
2025-04-08 00:00:00-04:00,43.36000061035156,43.75899887084961,39.909000396728516,40.5,5559100,0.0,0.0,0.0
2025-04-09 00:00:00-04:00,40.59000015258789,46.67499923706055,40.59000015258789,46.41999816894531,8761200,0.0,0.0,0.0
2025-04-10 00:00:00-04:00,44.970001220703125,45.165000915527344,42.59000015258789,44.02000045776367,4908800,0.0,0.0,0.0
2025-04-11 00:00:00-04:00,43.775001525878906,44.95000076293945,43.47999954223633,44.86000061035156,3823900,0.0,0.0,0.0
2025-04-14 00:00:00-04:00,46.099998474121094,46.15999984741211,44.38999938964844,44.869998931884766,2723200,0.0,0.0,0.0
2025-04-15 00:00:00-04:00,44.79999923706055,45.125,44.31999969482422,44.54999923706055,2145400,0.0,0.0,0.0
2025-04-16 00:00:00-04:00,43.41999816894531,43.79999923706055,42.04499816894531,42.779998779296875,3296600,0.0,0.0,0.0
2025-04-17 00:00:00-04:00,43.08000183105469,43.202999114990234,42.20000076293945,42.47999954223633,2099500,0.0,0.0,0.0
2025-04-21 00:00:00-04:00,41.529998779296875,41.61600112915039,40.58000183105469,41.060001373291016,2812900,0.0,0.0,0.0
2025-04-22 00:00:00-04:00,41.63999938964844,42.810001373291016,41.4900016784668,42.40999984741211,2415100,0.0,0.0,0.0
2025-04-23 00:00:00-04:00,44.349998474121094,44.77000045776367,43.632999420166016,43.83000183105469,3166000,0.0,0.0,0.0
2025-04-24 00:00:00-04:00,43.91999816894531,45.13999938964844,43.87900161743164,45.119998931884766,2957900,0.0,0.0,0.0
2025-04-25 00:00:00-04:00,45.56999969482422,46.630001068115234,45.220001220703125,46.4900016784668,3434100,0.0,0.0,0.0
2025-04-28 00:00:00-04:00,46.72999954223633,46.83000183105469,45.47999954223633,46.310001373291016,2038400,0.0,0.0,0.0
2025-04-29 00:00:00-04:00,46.09000015258789,46.65999984741211,45.79499816894531,46.59000015258789,1285900,0.0,0.0,0.0
2025-04-30 00:00:00-04:00,45.470001220703125,46.27000045776367,44.779998779296875,45.9900016784668,2375700,0.0,0.0,0.0
2025-05-01 00:00:00-04:00,47.619998931884766,48.119998931884766,47.2599983215332,47.45000076293945,3746800,0.0,0.0,0.0
2025-05-02 00:00:00-04:00,47.849998474121094,48.43000030517578,47.375,48.040000915527344,3196700,0.0,0.0,0.0
2025-05-05 00:00:00-04:00,47.529998779296875,47.88999938964844,47.279998779296875,47.540000915527344,1490200,0.0,0.0,0.0
2025-05-06 00:00:00-04:00,46.900001525878906,47.5099983215332,46.84000015258789,47.150001525878906,1471800,0.0,0.0,0.0
2025-05-07 00:00:00-04:00,47.349998474121094,47.54499816894531,46.275001525878906,46.970001220703125,2396600,0.0,0.0,0.0
2025-05-08 00:00:00-04:00,47.709999084472656,48.18000030517578,47.189998626708984,47.66999816894531,1871600,0.0,0.0,0.0
2025-05-09 00:00:00-04:00,47.95000076293945,48.400001525878906,47.65999984741211,47.88999938964844,1312800,0.0,0.0,0.0
2025-05-12 00:00:00-04:00,50.560001373291016,50.66999816894531,49.72999954223633,50.66999816894531,3872500,0.0,0.0,0.0
2025-05-13 00:00:00-04:00,50.95000076293945,51.98400115966797,50.731998443603516,51.79999923706055,3410800,0.0,0.0,0.0
2025-05-14 00:00:00-04:00,52.29999923706055,52.880001068115234,52.040000915527344,52.75,2663400,0.0,0.0,0.0
2025-05-15 00:00:00-04:00,52.25,52.608001708984375,51.790000915527344,52.150001525878906,2083800,0.0,0.0,0.0
2025-05-16 00:00:00-04:00,52.43000030517578,52.560001373291016,51.81999969482422,52.439998626708984,2111700,0.0,0.0,0.0
2025-05-19 00:00:00-04:00,51.369998931884766,52.34000015258789,51.36000061035156,52.27000045776367,1961600,0.0,0.0,0.0
2025-05-20 00:00:00-04:00,52.22999954223633,52.43000030517578,51.630001068115234,51.9900016784668,1222900,0.0,0.0,0.0
2025-05-21 00:00:00-04:00,51.619998931884766,52.58000183105469,51.20000076293945,51.41999816894531,2748300,0.0,0.0,0.0
2025-05-22 00:00:00-04:00,51.5,52.36000061035156,51.380001068115234,51.880001068115234,2482000,0.0,0.0,0.0
2025-05-23 00:00:00-04:00,50.900001525878906,51.54999923706055,50.77000045776367,51.13999938964844,3094900,0.0,0.0,0.0
2025-05-27 00:00:00-04:00,52.0099983215332,52.91999816894531,51.98099899291992,52.91999816894531,2843100,0.0,0.0,0.0
2025-05-28 00:00:00-04:00,53.0,53.189998626708984,52.5099983215332,52.58000183105469,1970900,0.0,0.0,0.0
2025-05-29 00:00:00-04:00,53.70000076293945,53.709999084472656,52.630001068115234,52.900001525878906,2720600,0.0,0.0,0.0
2025-05-30 00:00:00-04:00,52.650001525878906,52.84000015258789,51.65999984741211,52.349998474121094,2995300,0.0,0.0,0.0
2025-06-02 00:00:00-04:00,52.0099983215332,52.7599983215332,51.91999816894531,52.72999954223633,2237100,0.0,0.0,0.0
2025-06-03 00:00:00-04:00,52.79999923706055,53.349998474121094,52.560001373291016,52.86000061035156,1905400,0.0,0.0,0.0
2025-06-04 00:00:00-04:00,53.02000045776367,53.13999938964844,52.540000915527344,52.95000076293945,1303700,0.0,0.0,0.0
2025-06-05 00:00:00-04:00,52.939998626708984,53.189998626708984,51.2400016784668,51.560001373291016,3873700,0.0,0.0,0.0
2025-06-06 00:00:00-04:00,52.56999969482422,52.97999954223633,52.540000915527344,52.70000076293945,2788800,0.0,0.0,0.0
2025-06-09 00:00:00-04:00,52.68000030517578,53.334999084472656,52.56999969482422,53.27000045776367,1844800,0.0,0.0,0.0
2025-06-10 00:00:00-04:00,53.4900016784668,54.0,53.279998779296875,54.0,2324700,0.0,0.0,0.0
2025-06-11 00:00:00-04:00,54.36000061035156,54.38999938964844,53.349998474121094,53.540000915527344,2079000,0.0,0.0,0.0
2025-06-12 00:00:00-04:00,53.25,53.75,53.25,53.5099983215332,2048100,0.0,0.0,0.0
2025-06-13 00:00:00-04:00,52.900001525878906,53.689998626708984,52.744998931884766,53.150001525878906,3264700,0.0,0.0,0.0
2025-06-16 00:00:00-04:00,53.63999938964844,54.08000183105469,53.5,54.0099983215332,1432700,0.0,0.0,0.0
2025-06-17 00:00:00-04:00,53.70000076293945,53.84000015258789,53.279998779296875,53.349998474121094,1286800,0.0,0.0,0.0
2025-06-18 00:00:00-04:00,53.400001525878906,53.904998779296875,53.27000045776367,53.439998626708984,1251300,0.0,0.0,0.0
2025-06-20 00:00:00-04:00,53.79999923706055,54.0,52.77199935913086,52.86000061035156,2004700,0.0,0.0,0.0
2025-06-23 00:00:00-04:00,52.9900016784668,54.0,52.77000045776367,53.90999984741211,2293700,0.0,0.0,0.0
2025-06-24 00:00:00-04:00,54.529998779296875,54.529998779296875,54.08000183105469,54.29999923706055,1624900,0.0,0.0,0.0
2025-06-25 00:00:00-04:00,54.619998931884766,54.77000045776367,54.220001220703125,54.5,1767800,0.0,0.0,0.0
2025-06-26 00:00:00-04:00,54.75,55.20000076293945,54.45100021362305,55.0099983215332,3875400,0.0,0.0,0.0
2025-06-27 00:00:00-04:00,55.220001220703125,55.619998931884766,54.77000045776367,55.58000183105469,2918500,0.0,0.0,0.0
2025-06-30 00:00:00-04:00,55.900001525878906,55.900001525878906,55.20500183105469,55.470001220703125,1772500,0.0,0.0,0.0
2025-07-01 00:00:00-04:00,55.0,55.257999420166016,54.38999938964844,54.630001068115234,2445600,0.0,0.0,0.0
2025-07-02 00:00:00-04:00,54.880001068115234,55.459999084472656,54.72999954223633,55.43000030517578,1490600,0.0,0.0,0.0
2025-07-03 00:00:00-04:00,55.77000045776367,56.0,55.599998474121094,55.93000030517578,1128200,0.0,0.0,0.0
2025-07-07 00:00:00-04:00,55.18000030517578,55.43000030517578,54.845001220703125,55.060001373291016,1888000,0.0,0.0,0.0
2025-07-08 00:00:00-04:00,55.279998779296875,55.36899948120117,54.87200164794922,55.02000045776367,1084800,0.0,0.0,0.0
2025-07-09 00:00:00-04:00,55.15999984741211,55.90999984741211,55.15999984741211,55.65999984741211,1474300,0.0,0.0,0.0
2025-07-10 00:00:00-04:00,55.7400016784668,56.04999923706055,55.38999938964844,55.9900016784668,1229900,0.0,0.0,0.0
2025-07-11 00:00:00-04:00,55.709999084472656,56.369998931884766,55.619998931884766,56.2400016784668,1874500,0.0,0.0,0.0
2025-07-14 00:00:00-04:00,56.31999969482422,56.52000045776367,55.91999816894531,56.209999084472656,1842500,0.0,0.0,0.0
2025-07-15 00:00:00-04:00,56.869998931884766,56.88999938964844,56.45500183105469,56.47999954223633,1896600,0.0,0.0,0.0
2025-07-16 00:00:00-04:00,56.6150016784668,56.7599983215332,56.14099884033203,56.619998931884766,1626100,0.0,0.0,0.0
2025-07-17 00:00:00-04:00,56.72999954223633,56.92499923706055,56.52000045776367,56.790000915527344,1045500,0.0,0.0,0.0
2025-07-18 00:00:00-04:00,57.06999969482422,57.189998626708984,56.77000045776367,57.189998626708984,2258900,0.0,0.0,0.0
2025-07-21 00:00:00-04:00,57.29999923706055,57.79999923706055,57.29999923706055,57.61000061035156,1337600,0.0,0.0,0.0
2025-07-22 00:00:00-04:00,57.72999954223633,57.790000915527344,56.7400016784668,57.38999938964844,1753500,0.0,0.0,0.0
2025-07-23 00:00:00-04:00,57.5,57.65999984741211,57.242000579833984,57.619998931884766,1474200,0.0,0.0,0.0
2025-07-24 00:00:00-04:00,57.599998474121094,57.70000076293945,57.2400016784668,57.470001220703125,1201800,0.0,0.0,0.0
2025-07-25 00:00:00-04:00,57.54999923706055,58.09000015258789,57.507999420166016,57.7599983215332,1774500,0.0,0.0,0.0
2025-07-28 00:00:00-04:00,57.959999084472656,58.20000076293945,57.900001525878906,58.20000076293945,940700,0.0,0.0,0.0
2025-07-29 00:00:00-04:00,58.36000061035156,58.459999084472656,57.7599983215332,57.77000045776367,1248200,0.0,0.0,0.0
2025-07-30 00:00:00-04:00,57.97999954223633,58.029998779296875,57.38999938964844,57.81999969482422,1505400,0.0,0.0,0.0
2025-07-31 00:00:00-04:00,59.77000045776367,59.77000045776367,58.400001525878906,58.59000015258789,2961800,0.0,0.0,0.0
2025-08-01 00:00:00-04:00,57.459999084472656,57.84000015258789,56.5,56.72999954223633,4934800,0.0,0.0,0.0
2025-08-04 00:00:00-04:00,57.380001068115234,57.970001220703125,57.290000915527344,57.900001525878906,2590700,0.0,0.0,0.0
2025-08-05 00:00:00-04:00,57.970001220703125,58.308998107910156,57.564998626708984,57.59000015258789,1370200,0.0,0.0,0.0
2025-08-06 00:00:00-04:00,57.66999816894531,58.77000045776367,57.66999816894531,58.7400016784668,1941900,0.0,0.0,0.0
2025-08-07 00:00:00-04:00,59.130001068115234,59.40999984741211,58.47999954223633,58.959999084472656,2273200,0.0,0.0,0.0
2025-08-08 00:00:00-04:00,59.119998931884766,59.95000076293945,59.040000915527344,59.93000030517578,3590600,0.0,0.0,0.0
2025-08-11 00:00:00-04:00,59.93000030517578,60.404998779296875,59.6870002746582,59.900001525878906,2016500,0.0,0.0,0.0
2025-08-12 00:00:00-04:00,60.29999923706055,60.630001068115234,59.7400016784668,60.56999969482422,1965100,0.0,0.0,0.0
2025-08-13 00:00:00-04:00,60.7599983215332,60.959999084472656,60.189998626708984,60.369998931884766,1865000,0.0,0.0,0.0
2025-08-14 00:00:00-04:00,60.34000015258789,60.81999969482422,60.279998779296875,60.63999938964844,1529200,0.0,0.0,0.0
2025-08-15 00:00:00-04:00,60.900001525878906,60.900001525878906,60.349998474121094,60.47999954223633,2283400,0.0,0.0,0.0
2025-08-18 00:00:00-04:00,60.29999923706055,60.45000076293945,60.04999923706055,60.31999969482422,1148800,0.0,0.0,0.0
2025-08-19 00:00:00-04:00,60.275001525878906,60.29999923706055,59.23099899291992,59.34000015258789,1865500,0.0,0.0,0.0
2025-08-20 00:00:00-04:00,59.119998931884766,59.209999084472656,57.83000183105469,58.68000030517578,2882700,0.0,0.0,0.0
2025-08-21 00:00:00-04:00,58.47999954223633,58.779998779296875,58.14500045776367,58.380001068115234,1404500,0.0,0.0,0.0
2025-08-22 00:00:00-04:00,58.56999969482422,59.959999084472656,58.31999969482422,59.810001373291016,3550900,0.0,0.0,0.0
2025-08-25 00:00:00-04:00,59.779998779296875,60.43000030517578,59.560001373291016,60.099998474121094,1798900,0.0,0.0,0.0
2025-08-26 00:00:00-04:00,59.94499969482422,60.334999084472656,59.689998626708984,60.29999923706055,1044900,0.0,0.0,0.0
2025-08-27 00:00:00-04:00,60.2400016784668,60.5,60.05500030517578,60.34000015258789,1851800,0.0,0.0,0.0
2025-08-28 00:00:00-04:00,60.349998474121094,60.75,60.11000061035156,60.630001068115234,1548600,0.0,0.0,0.0
2025-08-29 00:00:00-04:00,60.39500045776367,60.43000030517578,59.61000061035156,59.790000915527344,2137100,0.0,0.0,0.0
2025-09-02 00:00:00-04:00,58.65999984741211,59.209999084472656,58.3120002746582,59.11000061035156,2232400,0.0,0.0,0.0
2025-09-03 00:00:00-04:00,60.310001373291016,60.72999954223633,60.040000915527344,60.560001373291016,2141600,0.0,0.0,0.0
2025-09-04 00:00:00-04:00,60.79999923706055,61.36000061035156,60.540000915527344,61.33000183105469,2706400,0.0,0.0,0.0
2025-09-05 00:00:00-04:00,61.5,61.709999084472656,60.689998626708984,61.209999084472656,3600400,0.0,0.0,0.0
2025-09-08 00:00:00-04:00,61.540000915527344,61.85900115966797,61.189998626708984,61.27000045776367,1187900,0.0,0.0,0.0
2025-09-09 00:00:00-04:00,61.45000076293945,61.7599983215332,61.15999984741211,61.720001220703125,2197200,0.0,0.0,0.0
2025-09-10 00:00:00-04:00,62.11000061035156,62.11000061035156,61.220001220703125,61.38999938964844,2829500,0.0,0.0,0.0
2025-09-11 00:00:00-04:00,61.650001525878906,62.06800079345703,61.279998779296875,62.0,1657500,0.0,0.0,0.0
2025-09-12 00:00:00-04:00,62.119998931884766,62.970001220703125,61.970001220703125,62.93000030517578,3034500,0.0,0.0,0.0
2025-09-15 00:00:00-04:00,63.79999923706055,64.38999938964844,63.66699981689453,64.13999938964844,2399000,0.0,0.0,0.0
2025-09-16 00:00:00-04:00,64.32499694824219,64.54000091552734,64.13999938964844,64.41999816894531,2077700,0.0,0.0,0.0
2025-09-17 00:00:00-04:00,64.22000122070312,64.30999755859375,63.349998474121094,64.08000183105469,2617000,0.0,0.0,0.0
2025-09-18 00:00:00-04:00,64.62999725341797,64.7300033569336,64.26000213623047,64.30000305175781,7644700,0.0,0.0,0.0
2025-09-19 00:00:00-04:00,64.7699966430664,65.12000274658203,64.66500091552734,65.11000061035156,3035900,0.0,0.0,0.0
2025-09-22 00:00:00-04:00,65.18000030517578,65.68000030517578,65.125,65.58000183105469,2472800,0.0,0.0,0.0
2025-09-23 00:00:00-04:00,65.7300033569336,65.7300033569336,64.44499969482422,64.56999969482422,2660400,0.0,0.0,0.0
2025-09-24 00:00:00-04:00,64.93000030517578,64.98999786376953,64.16999816894531,64.63999938964844,1859600,0.0,0.0,0.0
2025-09-25 00:00:00-04:00,64.0999984741211,64.43000030517578,63.5099983215332,64.0999984741211,3056700,0.0,0.0,0.0
2025-09-26 00:00:00-04:00,64.23999786376953,64.5770034790039,63.720001220703125,64.44999694824219,2904900,0.0,0.0,0.0
2025-09-29 00:00:00-04:00,64.83999633789062,65.26000213623047,64.54000091552734,64.77999877929688,2050000,0.0,0.0,0.0
2025-09-30 00:00:00-04:00,64.66999816894531,64.92500305175781,64.14700317382812,64.86000061035156,1630500,0.0,0.0,0.0
2025-10-01 00:00:00-04:00,64.38999938964844,65.38999938964844,64.29000091552734,65.20999908447266,2028700,0.0,0.0,0.0
2025-10-02 00:00:00-04:00,65.69999694824219,65.69999694824219,64.88200378417969,64.98999786376953,1876800,0.0,0.0,0.0
2025-10-03 00:00:00-04:00,65.12000274658203,65.26000213623047,64.08999633789062,64.43000030517578,3514800,0.0,0.0,0.0
2025-10-06 00:00:00-04:00,64.62999725341797,65.43000030517578,64.27999877929688,65.36000061035156,2285200,0.0,0.0,0.0
2025-10-07 00:00:00-04:00,65.25,65.41000366210938,64.52999877929688,64.63999938964844,2069300,0.0,0.0,0.0
2025-10-08 00:00:00-04:00,64.80000305175781,65.27999877929688,64.58999633789062,65.19000244140625,1851300,0.0,0.0,0.0
2025-10-09 00:00:00-04:00,65.19000244140625,65.2959976196289,64.65499877929688,65.27999877929688,1674700,0.0,0.0,0.0
2025-10-10 00:00:00-04:00,65.26499938964844,65.5999984741211,62.75,62.790000915527344,5894000,0.0,0.0,0.0
2025-10-13 00:00:00-04:00,63.810001373291016,64.2969970703125,63.44499969482422,64.23999786376953,2545600,0.0,0.0,0.0
2025-10-14 00:00:00-04:00,63.310001373291016,64.05000305175781,62.599998474121094,63.470001220703125,2332100,0.0,0.0,0.0
2025-10-15 00:00:00-04:00,64.18000030517578,64.4000015258789,63.11000061035156,63.95000076293945,1982100,0.0,0.0,0.0
2025-10-16 00:00:00-04:00,64.0999984741211,64.59500122070312,63.09000015258789,63.66999816894531,2432100,0.0,0.0,0.0
2025-10-17 00:00:00-04:00,63.42499923706055,64.43599700927734,63.220001220703125,64.33000183105469,3785800,0.0,0.0,0.0
2025-10-20 00:00:00-04:00,64.70999908447266,65.375,64.61000061035156,65.29000091552734,2491700,0.0,0.0,0.0
2025-10-21 00:00:00-04:00,65.33999633789062,65.41000366210938,64.90499877929688,65.16000366210938,2595800,0.0,0.0,0.0
2025-10-22 00:00:00-04:00,65.25,65.4000015258789,64.0199966430664,64.86000061035156,3797400,0.0,0.0,0.0
2025-10-23 00:00:00-04:00,64.5999984741211,65.48500061035156,64.31999969482422,65.36000061035156,2714500,0.0,0.0,0.0
2025-10-24 00:00:00-04:00,65.68000030517578,65.9800033569336,65.58000183105469,65.86000061035156,3612600,0.0,0.0,0.0
2025-10-27 00:00:00-04:00,66.86000061035156,67.58000183105469,66.7750015258789,67.4800033569336,3741600,0.0,0.0,0.0
2025-10-28 00:00:00-04:00,68.06999969482422,68.62999725341797,67.72000122070312,68.37000274658203,3457800,0.0,0.0,0.0
2025-10-29 00:00:00-04:00,69.0199966430664,69.13999938964844,68.29000091552734,69.05999755859375,4947800,0.0,0.0,0.0
2025-10-30 00:00:00-04:00,68.0999984741211,68.0999984741211,66.94999694824219,66.94999694824219,5163500,0.0,0.0,0.0
2025-10-31 00:00:00-04:00,68.97000122070312,68.97000122070312,67.55500030517578,67.95999908447266,7300700,0.0,0.0,0.0
2025-11-03 00:00:00-05:00,68.76000213623047,69.08999633789062,68.52999877929688,68.6500015258789,3535300,0.0,0.0,0.0
2025-11-04 00:00:00-05:00,67.37000274658203,68.05000305175781,67.04000091552734,67.08000183105469,3370000,0.0,0.0,0.0
2025-11-05 00:00:00-05:00,67.26000213623047,68.0199966430664,66.81999969482422,67.58999633789062,3710400,0.0,0.0,0.0
2025-11-06 00:00:00-05:00,67.55999755859375,67.55999755859375,65.91999816894531,66.19000244140625,3675400,0.0,0.0,0.0
2025-11-07 00:00:00-05:00,65.66999816894531,65.69999694824219,64.44000244140625,65.6500015258789,6349600,0.0,0.0,0.0
2025-11-10 00:00:00-05:00,66.83999633789062,67.56500244140625,66.70999908447266,67.47000122070312,4023300,0.0,0.0,0.0
2025-11-11 00:00:00-05:00,67.0199966430664,67.3499984741211,66.62000274658203,67.2699966430664,1939900,0.0,0.0,0.0
2025-11-12 00:00:00-05:00,67.55999755859375,67.58999633789062,66.0250015258789,66.5,2456500,0.0,0.0,0.0
2025-11-13 00:00:00-05:00,65.98999786376953,66.04199981689453,64.47000122070312,64.80000305175781,4905800,0.0,0.0,0.0
2025-11-14 00:00:00-05:00,63.650001525878906,65.43699645996094,63.310001373291016,64.88999938964844,4734700,0.0,0.0,0.0
2025-11-17 00:00:00-05:00,64.70999908447266,65.5999984741211,64.23999786376953,64.75,4302800,0.0,0.0,0.0
2025-11-18 00:00:00-05:00,64.12000274658203,64.52999877929688,62.93000030517578,63.540000915527344,7007200,0.0,0.0,0.0
2025-11-19 00:00:00-05:00,63.77000045776367,64.88999938964844,63.5099983215332,64.05999755859375,3342500,0.0,0.0,0.0
2025-11-20 00:00:00-05:00,65.79000091552734,66.11000061035156,62.82500076293945,62.939998626708984,7474100,0.0,0.0,0.0
2025-11-21 00:00:00-05:00,63.22999954223633,64.30000305175781,62.36000061035156,63.459999084472656,5799200,0.0,0.0,0.0
2025-11-24 00:00:00-05:00,64.33000183105469,65.72000122070312,64.2300033569336,65.55000305175781,4466000,0.0,0.0,0.0
2025-11-25 00:00:00-05:00,65.55000305175781,66.12999725341797,64.73999786376953,66.0199966430664,3189000,0.0,0.0,0.0
2025-11-26 00:00:00-05:00,66.4800033569336,66.56999969482422,65.91000366210938,66.30999755859375,2250800,0.0,0.0,0.0
2025-11-28 00:00:00-05:00,66.5,66.77999877929688,66.27999877929688,66.76000213623047,3062500,0.0,0.0,0.0
2025-12-01 00:00:00-05:00,66.19499969482422,66.81999969482422,66.06999969482422,66.68000030517578,1869400,0.0,0.0,0.0
2025-12-02 00:00:00-05:00,66.95999908447266,67.4000015258789,66.54199981689453,67.0,2311900,0.0,0.0,0.0
2025-12-03 00:00:00-05:00,66.73999786376953,67.2750015258789,66.61199951171875,67.0,1999900,0.0,0.0,0.0
2025-12-04 00:00:00-05:00,67.70999908447266,67.76000213623047,66.79000091552734,67.33000183105469,1961900,0.0,0.0,0.0
2025-12-05 00:00:00-05:00,67.48500061035156,67.7699966430664,67.2300033569336,67.62000274658203,3122300,0.0,0.0,0.0
2025-12-08 00:00:00-05:00,67.37999725341797,67.52999877929688,66.72000122070312,67.0199966430664,1747400,0.0,0.0,0.0
2025-12-09 00:00:00-05:00,66.81999969482422,67.37000274658203,66.65499877929688,67.16000366210938,1311300,0.0,0.0,0.0
2025-12-10 00:00:00-05:00,66.95500183105469,67.38999938964844,66.68000030517578,67.19000244140625,2404400,0.0,0.0,0.0
2025-12-11 00:00:00-05:00,66.80999755859375,66.84500122070312,66.0999984741211,66.55500030517578,1563741,0.0,0.0,0.0
